Player,Year,Position,Team,Games Played,Fantasy Points,PPG,Targets,Receptions,Carries,Touchdowns,Air Yards,YAC,Routes Run,Red Zone Touches,Goal Line Touches
CeeDee Lamb (DAL),2023,WR,DAL,17.0,403.2,23.7,181.0,135.0,,12.0,,715.0,199.0,38.0,13.0
Ja'Marr Chase (CIN),2024,WR,CIN,17.0,403.0,23.7,175.0,127.0,,17.0,,787.0,175.0,36.0,13.0
Antonio Brown (FA),2015,WR,PIT,16.0,382.2,23.9,193.0,136.0,,10.0,,687.0,209.0,30.0,10.0
Tyreek Hill (MIA),2023,WR,MIA,16.0,376.4,23.5,171.0,119.0,,13.0,,683.0,180.0,27.0,10.0
Michael Thomas (FA),2019,WR,NO,16.0,374.6,23.4,185.0,149.0,,9.0,,591.0,193.0,26.0,5.0
Julio Jones (FA),2015,WR,GB,16.0,369.1,23.1,203.0,136.0,,8.0,,233.0,114.0,18.0,6.0
Justin Jefferson (MIN),2022,WR,MIN,17.0,368.6,21.7,184.0,128.0,,8.0,,620.0,194.0,34.0,7.0
Davante Adams (LAR),2021,WR,GB,16.0,358.4,25.6,169.0,123.0,,18.0,,622.0,180.0,29.0,7.0
Davante Adams (LAR),2020,WR,GB,14.0,358.4,25.6,149.0,115.0,,18.0,,669.0,174.0,37.0,13.0
Tyreek Hill (MIA),2022,WR,MIA,17.0,341.2,20.1,170.0,119.0,,7.0,,517.0,186.0,16.0,7.0
Brandon Marshall (FA),2015,WR,NYJ,16.0,339.2,21.2,173.0,109.0,,14.0,,438.0,173.0,25.0,5.0
Davante Adams (LAR),2022,WR,LV,17.0,335.5,19.7,180.0,100.0,,14.0,,493.0,181.0,23.0,9.0
DeAndre Hopkins (BAL),2018,WR,HOU,16.0,333.5,20.8,163.0,115.0,,11.0,,396.0,173.0,26.0,9.0
DeAndre Hopkins (BAL),2015,WR,HOU,16.0,331.1,20.7,192.0,111.0,,11.0,,243.0,204.0,31.0,5.0
Amon-Ra St. Brown (DET),2023,WR,PHI,16.0,330.9,20.7,164.0,119.0,,10.0,,473.0,158.0,18.0,4.0
Davante Adams (LAR),2018,WR,GB,15.0,329.6,22.0,169.0,111.0,,13.0,,475.0,170.0,32.0,3.0
Tyreek Hill (MIA),2021,WR,KC,17.0,328.9,21.9,159.0,111.0,,15.0,,579.0,187.0,34.0,7.0
Tyreek Hill (MIA),2020,WR,KC,15.0,328.9,21.9,135.0,87.0,,15.0,,620.0,166.0,28.0,7.0
Stefon Diggs (NE),2020,WR,BUF,16.0,328.6,20.5,166.0,127.0,,8.0,,539.0,198.0,20.0,6.0
Stefon Diggs (NE),2021,WR,BUF,17.0,328.6,20.5,164.0,103.0,,8.0,,342.0,175.0,36.0,7.0
Tyreek Hill (MIA),2018,WR,KC,16.0,328.0,20.5,137.0,87.0,,12.0,,556.0,153.0,19.0,6.0
Julio Jones (FA),2018,WR,ATL,16.0,325.9,20.4,170.0,113.0,,8.0,,448.0,170.0,17.0,5.0
Antonio Brown (FA),2018,WR,PIT,15.0,323.7,21.6,168.0,104.0,,15.0,,485.0,168.0,24.0,4.0
Stefon Diggs (NE),2022,WR,BUF,17.0,321.2,18.9,156.0,110.0,,11.0,,439.0,173.0,26.0,8.0
Odell Beckham Jr. (FA),2015,WR,,15.0,319.3,21.3,158.0,96.0,,13.0,,,,,
Justin Jefferson (MIN),2024,WR,MIN,17.0,317.5,18.7,154.0,103.0,,10.0,,498.0,163.0,27.0,5.0
Amon-Ra St. Brown (DET),2024,WR,PHI,17.0,316.2,18.6,141.0,115.0,,12.0,,401.0,120.0,14.0,3.0
Michael Thomas (FA),2018,WR,NO,16.0,315.5,19.7,147.0,125.0,,9.0,,584.0,171.0,35.0,11.0
Antonio Brown (FA),2017,WR,PIT,14.0,310.3,22.2,163.0,101.0,,9.0,,508.0,176.0,25.0,6.0
DeAndre Hopkins (BAL),2017,WR,HOU,15.0,309.8,20.7,174.0,96.0,,13.0,,359.0,175.0,20.0,7.0
Antonio Brown (FA),2016,WR,PIT,15.0,307.3,20.5,154.0,106.0,,12.0,,597.0,186.0,22.0,9.0
Adam Thielen (CAR),2018,WR,MIN,16.0,307.3,19.2,153.0,113.0,,9.0,,416.0,154.0,21.0,7.0
Jordy Nelson (FA),2016,WR,GB,16.0,304.7,19.0,152.0,97.0,,14.0,,371.0,164.0,34.0,10.0
Mike Evans (TB),2016,WR,TB,16.0,304.1,19.0,173.0,96.0,,12.0,,179.0,175.0,21.0,8.0
Allen Robinson II (FA),2015,WR,,16.0,304.0,19.0,151.0,80.0,,14.0,,,,,
CeeDee Lamb (DAL),2022,WR,DAL,17.0,301.6,17.7,156.0,107.0,,9.0,,552.0,175.0,20.0,3.0
A.J. Brown (PHI),2022,WR,PHI,17.0,299.6,17.6,145.0,88.0,,11.0,,603.0,167.0,16.0,4.0
Puka Nacua (LAR),2023,WR,LA,17.0,298.5,17.6,160.0,105.0,,6.0,,742.0,170.0,20.0,2.0
JuJu Smith-Schuster (KC),2018,WR,PIT,16.0,296.9,18.6,166.0,111.0,,7.0,,605.0,167.0,30.0,9.0
Odell Beckham Jr. (FA),2016,WR,,16.0,296.6,18.5,169.0,101.0,,10.0,,,,,
DeAndre Hopkins (BAL),2020,WR,ARI,16.0,287.8,18.0,160.0,115.0,,6.0,,519.0,161.0,19.0,6.0
DeAndre Hopkins (BAL),2021,WR,ARI,10.0,287.8,18.0,64.0,42.0,,6.0,,140.0,64.0,15.0,6.0
DJ Moore (CHI),2023,WR,CHI,17.0,286.5,16.9,136.0,96.0,,8.0,,104.0,138.0,1.0,0.0
Mike Evans (TB),2018,WR,TB,16.0,284.4,17.8,138.0,86.0,,8.0,,282.0,139.0,15.0,3.0
Brian Thomas Jr. (JAC),2024,WR,,17.0,284.0,16.7,133.0,87.0,,10.0,,,,,
Mike Evans (TB),2023,WR,TB,17.0,282.5,16.6,136.0,79.0,,13.0,,357.0,157.0,19.0,8.0
Calvin Ridley (TEN),2020,WR,ATL,15.0,281.5,18.8,143.0,90.0,,9.0,,275.0,145.0,26.0,10.0
Calvin Ridley (TEN),2021,WR,ATL,5.0,281.5,18.8,52.0,31.0,,9.0,,91.0,52.0,11.0,3.0
Drake London (ATL),2024,WR,ATL,17.0,280.8,16.5,158.0,100.0,,9.0,,327.0,159.0,27.0,6.0
Larry Fitzgerald (FA),2015,WR,ARI,16.0,280.5,17.5,145.0,109.0,,9.0,,574.0,164.0,21.0,6.0
Keenan Allen (FA),2023,WR,LAC,13.0,278.9,21.5,150.0,108.0,,7.0,,396.0,150.0,15.0,3.0
Keenan Allen (FA),2017,WR,LAC,16.0,278.2,17.4,159.0,102.0,,6.0,,501.0,159.0,24.0,7.0
Chris Godwin (TB),2019,WR,TB,14.0,276.1,19.7,121.0,86.0,,9.0,,577.0,122.0,15.0,6.0
Justin Jefferson (MIN),2021,WR,MIN,17.0,274.2,17.1,167.0,108.0,,7.0,,490.0,170.0,27.0,9.0
Justin Jefferson (MIN),2020,WR,MIN,16.0,274.2,17.1,125.0,88.0,,7.0,,453.0,128.0,15.0,5.0
Julio Jones (FA),2019,WR,ATL,15.0,274.1,18.3,157.0,99.0,,6.0,,342.0,158.0,18.0,5.0
Stefon Diggs (NE),2023,WR,BUF,17.0,273.8,16.1,160.0,107.0,,8.0,,456.0,178.0,18.0,2.0
T.Y. Hilton (FA),2016,WR,IND,16.0,273.8,17.1,155.0,91.0,,6.0,,342.0,157.0,16.0,7.0
A.J. Green (FA),2015,WR,CIN,16.0,273.7,17.1,132.0,86.0,,10.0,,346.0,140.0,19.0,6.0
Malik Nabers (NYG),2024,WR,NYG,15.0,273.6,18.2,170.0,109.0,,7.0,,462.0,172.0,18.0,9.0
DK Metcalf (PIT),2021,WR,SEA,17.0,271.3,17.0,129.0,75.0,,10.0,,328.0,129.0,20.0,2.0
DK Metcalf (PIT),2020,WR,SEA,16.0,271.3,17.0,129.0,83.0,,10.0,,383.0,140.0,17.0,4.0
Cooper Kupp (SEA),2019,WR,LA,16.0,270.5,16.9,134.0,94.0,,10.0,,538.0,135.0,22.0,3.0
DeAndre Hopkins (BAL),2019,WR,HOU,15.0,269.5,18.0,150.0,104.0,,7.0,,415.0,174.0,18.0,6.0
Jarvis Landry (FA),2015,WR,MIA,16.0,269.4,16.8,166.0,110.0,,4.0,,533.0,167.0,25.0,12.0
Doug Baldwin (FA),2015,WR,SEA,16.0,268.9,16.8,103.0,78.0,,14.0,,468.0,122.0,19.0,3.0
Terry McLaurin (WAS),2024,WR,WAS,17.0,267.8,15.8,117.0,82.0,,13.0,,422.0,141.0,21.0,7.0
Demaryius Thomas (FA),2015,WR,DEN,16.0,267.4,16.7,177.0,105.0,,6.0,,496.0,199.0,23.0,6.0
Stefon Diggs (NE),2018,WR,MIN,15.0,266.3,17.8,149.0,102.0,,9.0,,438.0,150.0,19.0,6.0
Robert Woods (PIT),2018,WR,LA,16.0,265.6,16.6,130.0,86.0,,6.0,,477.0,159.0,16.0,4.0
Tyler Lockett (TEN),2021,WR,SEA,16.0,265.4,16.6,107.0,73.0,,10.0,,277.0,108.0,8.0,3.0
Davante Adams (LAR),2023,WR,LV,17.0,265.4,15.6,175.0,103.0,,8.0,,336.0,175.0,30.0,7.0
Tyler Lockett (TEN),2020,WR,SEA,16.0,265.4,16.6,132.0,100.0,,10.0,,332.0,136.0,16.0,7.0
CeeDee Lamb (DAL),2024,WR,DAL,15.0,263.4,17.6,152.0,101.0,,6.0,,537.0,154.0,21.0,3.0
Allen Robinson II (FA),2020,WR,,16.0,262.9,16.4,151.0,102.0,,6.0,,,,,
Allen Robinson II (FA),2021,WR,,12.0,262.9,16.4,66.0,38.0,,6.0,,,,,
Ja'Marr Chase (CIN),2023,WR,CIN,16.0,262.7,16.4,145.0,100.0,,7.0,,541.0,145.0,21.0,6.0
Keenan Allen (FA),2019,WR,LAC,16.0,261.5,16.3,149.0,104.0,,6.0,,369.0,149.0,20.0,3.0
Calvin Johnson (FA),2015,WR,DET,16.0,261.4,16.3,149.0,88.0,,9.0,,296.0,149.0,18.0,7.0
Larry Fitzgerald (FA),2017,WR,ARI,16.0,261.4,16.3,161.0,109.0,,6.0,,408.0,162.0,21.0,4.0
Nico Collins (HOU),2023,WR,HOU,15.0,260.4,17.4,109.0,80.0,,8.0,,641.0,127.0,19.0,5.0
Keenan Allen (FA),2018,WR,LAC,16.0,260.1,16.3,136.0,97.0,,6.0,,424.0,150.0,17.0,6.0
Jarvis Landry (FA),2017,WR,MIA,16.0,260.0,16.3,161.0,112.0,,9.0,,498.0,161.0,23.0,6.0
Julio Jones (FA),2016,WR,ATL,14.0,259.9,18.6,129.0,83.0,,6.0,,511.0,154.0,15.0,7.0
Jaylen Waddle (MIA),2022,WR,MIA,17.0,259.2,15.2,117.0,75.0,,8.0,,516.0,125.0,11.0,2.0
Michael Thomas (FA),2017,WR,NO,16.0,258.5,16.2,149.0,104.0,,5.0,,490.0,171.0,21.0,7.0
Julian Edelman (FA),2019,WR,NE,16.0,256.3,16.0,153.0,100.0,,6.0,,328.0,159.0,24.0,7.0
Michael Thomas (FA),2016,WR,NO,15.0,255.7,17.0,121.0,92.0,,9.0,,483.0,121.0,19.0,7.0
Allen Robinson II (FA),2019,WR,,16.0,254.9,15.9,154.0,98.0,,7.0,,,,,
DeVonta Smith (PHI),2022,WR,PHI,17.0,254.6,15.0,136.0,95.0,,7.0,,559.0,159.0,18.0,2.0
Adam Thielen (CAR),2020,WR,MIN,15.0,254.0,16.9,108.0,74.0,,14.0,,243.0,110.0,23.0,10.0
Adam Thielen (CAR),2021,WR,MIN,13.0,254.0,16.9,95.0,67.0,,14.0,,239.0,95.0,15.0,5.0
Brandin Cooks (NO),2015,WR,NO,16.0,253.6,15.9,129.0,84.0,,9.0,,384.0,129.0,10.0,2.0
Doug Baldwin (FA),2016,WR,SEA,16.0,253.6,15.9,125.0,94.0,,7.0,,536.0,147.0,23.0,4.0
Jaxon Smith-Njigba (SEA),2024,WR,SEA,17.0,253.0,14.9,137.0,100.0,,6.0,,477.0,138.0,16.0,6.0
Eric Decker (FA),2015,WR,NYJ,15.0,252.7,16.8,132.0,80.0,,12.0,,214.0,132.0,29.0,6.0
Julio Jones (FA),2017,WR,,16.0,251.9,15.7,148.0,88.0,,3.0,,,,,
Garrett Wilson (NYJ),2024,WR,NYJ,17.0,251.9,14.8,154.0,101.0,,7.0,,442.0,154.0,25.0,5.0
Michael Pittman Jr. (IND),2023,WR,,16.0,250.2,15.6,156.0,109.0,,4.0,,,,,
Brandon Aiyuk (SF),2023,WR,SF,16.0,249.2,15.6,105.0,75.0,,7.0,,389.0,125.0,12.0,2.0
Mike Evans (TB),2020,WR,TB,16.0,248.6,15.5,109.0,70.0,,13.0,,298.0,133.0,24.0,11.0
Mike Evans (TB),2021,WR,TB,16.0,248.6,15.5,114.0,74.0,,13.0,,318.0,140.0,25.0,8.0
Kenny Golladay (FA),2019,WR,DET,16.0,248.0,15.5,116.0,65.0,,11.0,,304.0,117.0,17.0,6.0
A.J. Brown (PHI),2020,WR,TB,14.0,247.5,17.7,106.0,70.0,,11.0,,273.0,74.0,9.0,2.0
A.J. Brown (PHI),2021,WR,TB,13.0,247.5,17.7,105.0,63.0,,11.0,,190.0,62.0,3.0,1.0
Amari Cooper (FA),2022,WR,CLE,17.0,247.0,14.5,132.0,78.0,,9.0,,299.0,133.0,19.0,4.0
Davante Adams (LAR),2016,WR,GB,16.0,246.7,15.4,121.0,75.0,,12.0,,469.0,148.0,29.0,10.0
Amari Cooper (FA),2019,WR,DAL,16.0,246.5,15.4,119.0,79.0,,8.0,,240.0,119.0,9.0,1.0
Brandin Cooks (NO),2016,WR,NO,16.0,246.3,15.4,117.0,78.0,,8.0,,384.0,117.0,14.0,3.0
DeVante Parker (FA),2019,WR,MIA,16.0,246.2,15.4,128.0,72.0,,9.0,,263.0,128.0,16.0,1.0
Robert Woods (PIT),2021,WR,LA,9.0,245.1,15.3,69.0,45.0,,6.0,,198.0,70.0,19.0,5.0
Keenan Allen (FA),2020,WR,LAC,14.0,245.1,17.5,147.0,100.0,,8.0,,437.0,149.0,19.0,4.0
Robert Woods (PIT),2020,WR,LA,16.0,245.1,15.3,129.0,90.0,,6.0,,517.0,147.0,17.0,4.0
Keenan Allen (FA),2021,WR,LAC,16.0,245.1,17.5,157.0,106.0,,8.0,,341.0,158.0,26.0,7.0
Larry Fitzgerald (FA),2016,WR,ARI,16.0,243.8,15.2,150.0,107.0,,6.0,,358.0,150.0,20.0,9.0
Deebo Samuel Sr. (WAS),2023,WR,,15.0,243.7,16.2,89.0,60.0,,7.0,,,,,
Jeremy Maclin (FA),2015,WR,KC,15.0,243.2,16.2,124.0,87.0,,8.0,,325.0,131.0,15.0,3.0
Brandin Cooks (NO),2018,WR,LA,16.0,243.2,15.2,117.0,80.0,,5.0,,420.0,144.0,22.0,4.0
Ja'Marr Chase (CIN),2022,WR,CIN,13.0,242.4,18.6,134.0,87.0,,9.0,,520.0,162.0,31.0,6.0
Christian Kirk (HOU),2022,WR,JAX,17.0,241.9,14.2,133.0,84.0,,8.0,,404.0,162.0,26.0,9.0
Davante Adams (LAR),2024,WR,NYJ,14.0,241.3,17.2,141.0,85.0,,8.0,,473.0,142.0,27.0,11.0
Ladd McConkey (LAC),2024,WR,LAC,16.0,240.9,15.1,112.0,82.0,,7.0,,475.0,127.0,10.0,1.0
Jerry Jeudy (CLE),2024,WR,CLE,17.0,240.9,14.2,145.0,90.0,,4.0,,387.0,148.0,17.0,4.0
Mike Evans (TB),2024,WR,TB,14.0,240.4,17.2,110.0,74.0,,11.0,,255.0,117.0,16.0,8.0
Courtland Sutton (DEN),2024,WR,DEN,17.0,240.3,14.1,135.0,81.0,,8.0,,191.0,144.0,23.0,1.0
Adam Thielen (CAR),2017,WR,MIN,16.0,239.7,15.0,142.0,91.0,,4.0,,454.0,160.0,20.0,4.0
Michael Crabtree (FA),2016,WR,LV,16.0,239.3,15.0,145.0,89.0,,8.0,,267.0,154.0,24.0,8.0
Tyreek Hill (MIA),2017,WR,KC,15.0,239.2,15.9,105.0,75.0,,7.0,,533.0,116.0,6.0,1.0
T.Y. Hilton (FA),2018,WR,IND,14.0,239.0,17.1,120.0,76.0,,6.0,,479.0,141.0,18.0,8.0
DJ Moore (CHI),2024,WR,CAR,17.0,238.1,14.0,140.0,98.0,,6.0,,60.0,57.0,12.0,3.0
Jarvis Landry (FA),2019,WR,CLE,16.0,237.4,14.8,138.0,83.0,,6.0,,436.0,138.0,21.0,6.0
Tyler Lockett (TEN),2022,WR,SEA,16.0,237.3,14.8,117.0,84.0,,9.0,,278.0,125.0,10.0,1.0
Amari Cooper (FA),2021,WR,DAL,15.0,236.8,14.8,104.0,68.0,,5.0,,232.0,114.0,21.0,4.0
Amari Cooper (FA),2020,WR,DAL,16.0,236.8,14.8,130.0,92.0,,5.0,,413.0,130.0,17.0,9.0
Tyler Lockett (TEN),2019,WR,SEA,16.0,235.2,14.7,110.0,82.0,,8.0,,333.0,128.0,28.0,4.0
JuJu Smith-Schuster (KC),2020,WR,PIT,16.0,234.1,14.6,128.0,97.0,,9.0,,450.0,149.0,24.0,7.0
JuJu Smith-Schuster (KC),2021,WR,PIT,5.0,234.1,14.6,28.0,15.0,,9.0,,83.0,36.0,1.0,1.0
Robert Woods (PIT),2019,WR,LA,15.0,232.9,15.5,139.0,90.0,,2.0,,576.0,139.0,14.0,2.0
Mike Evans (TB),2019,WR,TB,13.0,232.7,17.9,118.0,67.0,,8.0,,261.0,119.0,19.0,9.0
Amari Cooper (FA),2016,WR,LV,16.0,232.3,14.5,132.0,83.0,,5.0,,438.0,145.0,16.0,9.0
Brandin Cooks (NO),2021,WR,HOU,16.0,232.0,15.5,134.0,90.0,,6.0,,342.0,134.0,10.0,1.0
Brandin Cooks (NO),2020,WR,HOU,15.0,232.0,15.5,119.0,81.0,,6.0,,338.0,119.0,11.0,3.0
Jarvis Landry (FA),2016,WR,MIA,16.0,231.3,14.5,131.0,94.0,,4.0,,664.0,147.0,12.0,2.0
Chris Olave (NO),2023,WR,NO,16.0,231.3,14.5,138.0,87.0,,5.0,,347.0,139.0,13.0,3.0
Michael Crabtree (FA),2015,WR,LV,16.0,231.2,14.5,146.0,85.0,,9.0,,263.0,146.0,13.0,4.0
Adam Thielen (CAR),2023,WR,CAR,17.0,231.0,13.6,137.0,103.0,,4.0,,340.0,138.0,17.0,4.0
Jordan Matthews (FA),2015,WR,PHI,16.0,230.7,14.4,128.0,85.0,,8.0,,414.0,128.0,15.0,4.0
DJ Moore (CHI),2019,WR,SEA,15.0,230.5,15.4,135.0,87.0,,4.0,,170.0,38.0,8.0,1.0
Odell Beckham Jr. (FA),2018,WR,,12.0,230.4,19.2,124.0,77.0,,6.0,,,,,
Julian Edelman (FA),2016,WR,NE,16.0,230.3,14.4,159.0,98.0,,3.0,,612.0,196.0,20.0,6.0
Calvin Ridley (TEN),2023,WR,JAX,17.0,229.9,13.5,136.0,76.0,,8.0,,194.0,137.0,29.0,6.0
Terry McLaurin (WAS),2022,WR,WAS,17.0,229.0,13.5,120.0,77.0,,5.0,,382.0,120.0,14.0,1.0
Brandon Aiyuk (SF),2022,WR,SF,17.0,227.8,13.4,114.0,78.0,,8.0,,399.0,124.0,17.0,2.0
Marvin Jones Jr. (FA),2021,WR,,17.0,227.8,14.2,120.0,73.0,,9.0,,,,,
Marvin Jones Jr. (FA),2020,WR,,16.0,227.8,14.2,115.0,76.0,,9.0,,,,,
DeVonta Smith (PHI),2023,WR,PHI,16.0,227.6,14.2,112.0,81.0,,7.0,,0.0,125.0,8.0,3.0
Amari Cooper (FA),2023,WR,CLE,15.0,227.0,15.1,128.0,72.0,,5.0,,278.0,135.0,16.0,3.0
A.J. Green (FA),2017,WR,CIN,16.0,226.8,14.2,143.0,75.0,,8.0,,297.0,143.0,16.0,1.0
DK Metcalf (PIT),2022,WR,SEA,17.0,226.8,13.3,141.0,90.0,,6.0,,261.0,156.0,32.0,6.0
Demaryius Thomas (FA),2016,WR,DEN,16.0,226.3,14.1,144.0,90.0,,5.0,,322.0,145.0,22.0,9.0
DJ Chark Jr. (ATL),2019,WR,,15.0,225.8,15.1,118.0,73.0,,8.0,,,,,
DK Metcalf (PIT),2023,WR,SEA,16.0,225.4,14.1,119.0,66.0,,8.0,,367.0,119.0,23.0,4.0
Mike Evans (TB),2022,WR,TB,15.0,225.4,15.0,127.0,77.0,,6.0,,233.0,140.0,16.0,6.0
Allen Hurns (FA),2015,WR,JAX,15.0,225.1,15.0,105.0,64.0,,10.0,,347.0,106.0,16.0,5.0
Marvin Jones Jr. (FA),2017,WR,,16.0,225.1,14.1,107.0,61.0,,9.0,,,,,
Golden Tate (FA),2017,WR,DET,16.0,224.5,14.0,120.0,92.0,,5.0,,613.0,120.0,8.0,2.0
Emmanuel Sanders (FA),2015,WR,DEN,15.0,224.4,15.0,137.0,76.0,,6.0,,433.0,161.0,11.0,1.0
Robbie Chosen (FA),2021,WR,,17.0,224.1,14.0,110.0,53.0,,3.0,,,,,
Robbie Chosen (FA),2020,WR,,16.0,224.1,14.0,136.0,95.0,,3.0,,,,,
Terry McLaurin (WAS),2020,WR,WAS,15.0,223.8,14.9,134.0,87.0,,4.0,,487.0,142.0,15.0,5.0
Terry McLaurin (WAS),2021,WR,WAS,17.0,223.8,14.9,130.0,77.0,,4.0,,307.0,130.0,9.0,2.0
DeAndre Hopkins (BAL),2023,WR,TEN,17.0,223.6,13.2,137.0,75.0,,7.0,,223.0,137.0,20.0,2.0
Doug Baldwin (FA),2017,WR,SEA,16.0,223.3,14.0,116.0,75.0,,8.0,,274.0,117.0,9.0,3.0
Tee Higgins (CIN),2022,WR,CIN,15.0,223.2,14.9,110.0,75.0,,7.0,,320.0,132.0,16.0,7.0
Golden Tate (FA),2016,WR,DET,16.0,223.1,13.9,135.0,91.0,,4.0,,627.0,141.0,20.0,3.0
Tyler Boyd (FA),2019,WR,CIN,16.0,222.9,13.9,148.0,90.0,,5.0,,348.0,148.0,11.0,4.0
Chris Godwin (TB),2022,WR,TB,15.0,222.8,14.9,142.0,104.0,,3.0,,563.0,159.0,22.0,7.0
Davante Adams (LAR),2017,WR,GB,14.0,222.5,15.9,117.0,74.0,,10.0,,338.0,118.0,24.0,4.0
Tyler Lockett (TEN),2018,WR,SEA,16.0,222.4,13.9,70.0,57.0,,10.0,,241.0,77.0,8.0,1.0
Courtland Sutton (DEN),2019,WR,DEN,16.0,222.4,13.9,124.0,72.0,,6.0,,352.0,124.0,21.0,3.0
Tee Higgins (CIN),2024,WR,CIN,12.0,222.1,18.5,109.0,73.0,,10.0,,228.0,110.0,25.0,11.0
Diontae Johnson (CLE),2021,WR,HOU,16.0,221.8,14.8,169.0,107.0,,7.0,,191.0,42.0,14.0,1.0
Diontae Johnson (CLE),2020,WR,PIT,15.0,221.8,14.8,144.0,88.0,,7.0,,116.0,106.0,13.0,5.0
Jordan Addison (MIN),2023,WR,MIN,17.0,221.3,13.0,108.0,70.0,,10.0,,262.0,108.0,18.0,3.0
Brandin Cooks (NO),2017,WR,NE,16.0,221.2,13.8,114.0,65.0,,7.0,,257.0,134.0,18.0,6.0
Tyler Boyd (FA),2018,WR,CIN,14.0,221.1,15.8,108.0,76.0,,7.0,,418.0,108.0,10.0,1.0
John Brown (FA),2019,WR,BUF,15.0,219.8,14.7,115.0,72.0,,6.0,,59.0,123.0,6.0,1.0
Sammy Watkins (FA),2015,WR,BUF,13.0,218.8,16.8,96.0,60.0,,9.0,,179.0,96.0,7.0,3.0
Jakobi Meyers (LV),2023,WR,LV,16.0,218.6,13.7,106.0,71.0,,8.0,,242.0,106.0,19.0,4.0
Tyreek Hill (MIA),2024,WR,MIA,17.0,218.2,12.8,123.0,81.0,,6.0,,292.0,123.0,20.0,5.0
Jakobi Meyers (LV),2024,WR,LV,15.0,218.0,14.5,129.0,87.0,,4.0,,293.0,130.0,16.0,4.0
CeeDee Lamb (DAL),2020,WR,DAL,16.0,217.7,13.6,111.0,74.0,,5.0,,311.0,111.0,13.0,5.0
CeeDee Lamb (DAL),2021,WR,DAL,16.0,217.7,13.6,120.0,79.0,,5.0,,441.0,126.0,15.0,4.0
Jayden Reed (GB),2023,WR,GB,16.0,217.2,13.6,94.0,64.0,,8.0,,355.0,102.0,22.0,6.0
Jarvis Landry (FA),2018,WR,CLE,16.0,217.1,13.6,149.0,81.0,,4.0,,274.0,150.0,21.0,5.0
A.J. Brown (PHI),2019,WR,TEN,16.0,217.1,13.6,84.0,52.0,,8.0,,7.0,94.0,5.0,0.0
Tyrell Williams (FA),2016,WR,DAL,16.0,216.9,13.6,119.0,69.0,,7.0,,183.0,67.0,6.0,2.0
Michael Pittman Jr. (IND),2022,WR,,16.0,216.5,13.5,141.0,99.0,,4.0,,,,,
Garrett Wilson (NYJ),2022,WR,NYJ,17.0,215.7,12.7,147.0,83.0,,4.0,,384.0,147.0,20.0,4.0
Amari Cooper (FA),2018,WR,DAL,15.0,215.5,14.4,107.0,75.0,,7.0,,495.0,126.0,15.0,4.0
Chase Claypool (FA),2020,WR,PIT,16.0,214.9,13.4,109.0,62.0,,9.0,,328.0,119.0,23.0,11.0
Chase Claypool (FA),2021,WR,PIT,15.0,214.9,13.4,105.0,59.0,,9.0,,293.0,112.0,16.0,6.0
Terrelle Pryor Sr. (FA),2016,WR,,16.0,213.4,13.3,140.0,77.0,,4.0,,,,,
Garrett Wilson (NYJ),2023,WR,NYJ,17.0,213.2,12.5,168.0,95.0,,3.0,,327.0,168.0,19.0,2.0
Davante Adams (LAR),2019,WR,GB,12.0,212.7,17.7,127.0,83.0,,5.0,,504.0,151.0,27.0,5.0
Michael Gallup (WAS),2019,WR,DAL,14.0,212.7,15.2,113.0,66.0,,6.0,,333.0,113.0,8.0,1.0
Amari Cooper (FA),2015,WR,LV,16.0,212.7,13.3,130.0,72.0,,6.0,,374.0,130.0,8.0,0.0
Emmanuel Sanders (FA),2016,WR,DEN,16.0,212.6,13.3,137.0,79.0,,5.0,,252.0,137.0,22.0,7.0
Rashee Rice (KC),2023,WR,KC,16.0,212.5,13.3,102.0,79.0,,7.0,,849.0,135.0,29.0,6.0
Jordan Addison (MIN),2024,WR,MIN,15.0,212.5,14.2,99.0,63.0,,9.0,,213.0,108.0,20.0,5.0
Jameson Williams (DET),2024,WR,DEN,15.0,212.2,14.1,91.0,58.0,,7.0,,408.0,72.0,32.0,10.0
Stefon Diggs (NE),2019,WR,MIN,15.0,212.1,14.1,94.0,63.0,,6.0,,330.0,103.0,8.0,1.0
Curtis Samuel (BUF),2020,WR,CAR,15.0,212.1,14.1,97.0,77.0,,3.0,,320.0,97.0,24.0,2.0
Curtis Samuel (BUF),2021,WR,,5.0,212.1,14.1,9.0,6.0,,3.0,,40.0,,1.0,0.0
DJ Moore (CHI),2020,WR,SEA,15.0,211.5,14.1,118.0,66.0,,4.0,,174.0,48.0,15.0,3.0
Rishard Matthews (FA),2016,WR,TEN,16.0,211.5,13.2,108.0,65.0,,9.0,,203.0,109.0,16.0,6.0
DJ Moore (CHI),2021,WR,,17.0,211.5,14.1,163.0,93.0,,4.0,,0.0,,,
T.Y. Hilton (FA),2015,WR,IND,16.0,211.4,13.2,134.0,69.0,,5.0,,381.0,134.0,16.0,3.0
Nico Collins (HOU),2024,WR,HOU,12.0,210.6,17.6,99.0,68.0,,7.0,,432.0,115.0,15.0,7.0
Mike Evans (TB),2015,WR,TB,15.0,210.6,14.0,148.0,74.0,,3.0,,237.0,148.0,17.0,4.0
Jauan Jennings (SF),2024,WR,SF,15.0,210.5,14.0,113.0,77.0,,6.0,,238.0,113.0,15.0,4.0
Zay Flowers (BAL),2024,WR,BAL,17.0,209.5,12.3,116.0,74.0,,4.0,,463.0,117.0,10.0,1.0
Golden Tate (FA),2015,WR,DET,16.0,209.4,13.1,128.0,90.0,,6.0,,533.0,129.0,18.0,7.0
Chris Godwin (TB),2023,WR,TB,17.0,209.2,12.3,130.0,83.0,,2.0,,406.0,144.0,19.0,5.0
Terry McLaurin (WAS),2023,WR,WAS,17.0,209.2,12.3,132.0,79.0,,4.0,,350.0,132.0,10.0,1.0
George Pickens (DAL),2023,WR,PIT,17.0,208.8,12.3,106.0,63.0,,5.0,,390.0,117.0,10.0,0.0
Cooper Kupp (SEA),2021,WR,LA,17.0,208.7,13.9,191.0,145.0,,3.0,,1052.0,234.0,50.0,13.0
Cooper Kupp (SEA),2020,WR,LA,15.0,208.7,13.9,124.0,92.0,,3.0,,532.0,133.0,13.0,4.0
John Brown (FA),2015,WR,,15.0,207.5,13.8,101.0,65.0,,7.0,,,,1.0,0.0
Cole Beasley (FA),2020,WR,BUF,15.0,207.5,13.8,107.0,82.0,,4.0,,417.0,126.0,11.0,4.0
Cole Beasley (FA),2021,WR,BUF,16.0,207.5,13.8,112.0,82.0,,4.0,,343.0,122.0,15.0,2.0
Julian Edelman (FA),2018,WR,NE,12.0,207.4,17.3,108.0,74.0,,6.0,,490.0,143.0,24.0,6.0
Kenny Golladay (FA),2018,WR,DET,15.0,207.1,13.8,119.0,70.0,,5.0,,350.0,122.0,18.0,6.0
Calvin Ridley (TEN),2018,WR,ATL,16.0,206.8,12.9,92.0,64.0,,10.0,,364.0,92.0,9.0,2.0
Puka Nacua (LAR),2024,WR,LA,11.0,206.6,18.8,106.0,79.0,,3.0,,577.0,130.0,21.0,3.0
Zay Flowers (BAL),2023,WR,BAL,16.0,206.4,12.9,108.0,77.0,,5.0,,435.0,122.0,19.0,4.0
Demaryius Thomas (FA),2017,WR,DEN,16.0,205.9,12.9,140.0,83.0,,5.0,,84.0,34.0,6.0,0.0
Jerry Jeudy (CLE),2022,WR,DEN,15.0,204.2,13.6,100.0,67.0,,6.0,,396.0,100.0,11.0,1.0
Mike Evans (TB),2017,WR,TB,15.0,203.1,13.5,136.0,71.0,,5.0,,137.0,138.0,21.0,6.0
Randall Cobb (FA),2015,WR,GB,16.0,202.9,12.7,129.0,79.0,,6.0,,449.0,138.0,25.0,6.0
Mike Wallace (FA),2016,WR,BAL,16.0,202.8,12.7,116.0,72.0,,4.0,,427.0,117.0,11.0,2.0
Tyler Lockett (TEN),2023,WR,SEA,17.0,202.4,11.9,122.0,79.0,,5.0,,210.0,124.0,15.0,6.0
Justin Jefferson (MIN),2023,WR,MIN,10.0,202.2,20.2,100.0,68.0,,5.0,,260.0,100.0,12.0,3.0
Cooper Kupp (SEA),2022,WR,LA,9.0,201.4,22.4,98.0,75.0,,6.0,,413.0,98.0,12.0,4.0
Odell Beckham Jr. (FA),2019,WR,,16.0,201.3,12.6,133.0,74.0,,4.0,,,,,
Pierre Garcon (FA),2016,WR,WAS,16.0,201.1,12.6,114.0,79.0,,3.0,,342.0,114.0,14.0,3.0
Robbie Chosen (FA),2017,WR,,16.0,200.0,12.5,114.0,63.0,,7.0,,,,,
DeVonta Smith (PHI),2024,WR,PHI,13.0,199.4,15.3,89.0,68.0,,8.0,,364.0,107.0,15.0,3.0
Allen Robinson II (FA),2016,WR,,16.0,199.3,12.5,151.0,73.0,,6.0,,,,,
Calvin Ridley (TEN),2024,WR,TEN,17.0,199.2,11.7,120.0,64.0,,4.0,,231.0,120.0,10.0,3.0
DJ Moore (CHI),2022,WR,CAR,17.0,199.1,11.7,118.0,63.0,,7.0,,190.0,118.0,12.0,5.0
Tyreek Hill (MIA),2016,WR,KC,16.0,199.0,12.4,83.0,61.0,,6.0,,293.0,89.0,20.0,3.0
Jaylen Waddle (MIA),2023,WR,MIA,14.0,198.6,14.2,104.0,72.0,,4.0,,421.0,109.0,9.0,5.0
Stefon Diggs (NE),2017,WR,MIN,14.0,198.2,14.2,95.0,64.0,,8.0,,380.0,117.0,15.0,3.0
Emmanuel Sanders (FA),2018,WR,DEN,12.0,198.2,16.5,98.0,71.0,,4.0,,295.0,98.0,11.0,3.0
Chris Olave (NO),2022,WR,NO,15.0,198.2,13.2,119.0,72.0,,4.0,,210.0,120.0,12.0,2.0
Zay Jones (ARI),2022,WR,JAX,16.0,198.1,12.4,121.0,82.0,,5.0,,313.0,143.0,25.0,6.0
Jamison Crowder (FA),2019,WR,NYJ,16.0,197.7,12.4,122.0,78.0,,6.0,,353.0,122.0,16.0,4.0
DeAndre Hopkins (BAL),2016,WR,HOU,16.0,197.4,12.3,151.0,78.0,,4.0,,311.0,169.0,12.0,6.0
Kamar Aiken (FA),2015,WR,BAL,16.0,197.4,12.3,127.0,75.0,,5.0,,211.0,128.0,11.0,4.0
Kelvin Benjamin (FA),2016,WR,CAR,16.0,197.1,12.3,118.0,63.0,,7.0,,238.0,118.0,15.0,3.0
Calvin Ridley (TEN),2019,WR,ATL,13.0,197.0,15.2,93.0,63.0,,7.0,,138.0,95.0,10.0,2.0
Jayden Reed (GB),2024,WR,GB,17.0,197.0,11.6,75.0,55.0,,6.0,,400.0,80.0,15.0,4.0
Marvin Harrison Jr. (ARI),2024,WR,,17.0,196.5,11.6,116.0,62.0,,8.0,,,,,
Kenny Britt (FA),2016,WR,LA,15.0,196.2,13.1,111.0,68.0,,5.0,,295.0,111.0,12.0,3.0
Alshon Jeffery (FA),2017,WR,PHI,16.0,195.9,12.2,120.0,57.0,,9.0,,249.0,142.0,25.0,10.0
Adam Thielen (CAR),2016,WR,MIN,16.0,195.2,12.2,92.0,69.0,,5.0,,299.0,92.0,11.0,2.0
Devin Funchess (FA),2017,WR,CAR,16.0,195.0,12.2,111.0,63.0,,8.0,,306.0,120.0,16.0,2.0
Tee Higgins (CIN),2020,WR,CIN,16.0,194.6,12.2,108.0,67.0,,6.0,,310.0,108.0,11.0,5.0
Tee Higgins (CIN),2021,WR,CIN,14.0,194.6,12.2,110.0,74.0,,6.0,,419.0,141.0,19.0,5.0
Marvin Jones Jr. (FA),2019,WR,,13.0,193.9,14.9,91.0,62.0,,9.0,,,,,
Stefon Diggs (NE),2016,WR,MIN,13.0,193.3,14.9,112.0,84.0,,3.0,,319.0,112.0,13.0,2.0
Darnell Mooney (ATL),2024,WR,ATL,16.0,193.2,12.1,106.0,64.0,,5.0,,275.0,106.0,6.0,2.0
Tavon Austin (FA),2015,WR,LA,16.0,192.7,12.0,87.0,52.0,,5.0,,348.0,87.0,13.0,3.0
Tyler Boyd (FA),2021,WR,CIN,16.0,192.6,12.8,94.0,67.0,,4.0,,432.0,115.0,12.0,3.0
Tyler Boyd (FA),2020,WR,CIN,15.0,192.6,12.8,110.0,79.0,,4.0,,350.0,110.0,17.0,3.0
Terry McLaurin (WAS),2019,WR,WAS,14.0,191.9,13.7,93.0,58.0,,7.0,,217.0,94.0,14.0,4.0
Travis Benjamin (FA),2015,WR,CLE,16.0,191.8,12.0,125.0,68.0,,5.0,,321.0,127.0,17.0,7.0
JuJu Smith-Schuster (KC),2017,WR,PIT,14.0,191.7,13.7,79.0,58.0,,7.0,,436.0,84.0,16.0,3.0
Willie Snead IV (FA),2016,WR,,15.0,191.5,12.8,104.0,72.0,,4.0,,,,,
Jamison Crowder (FA),2016,WR,WAS,16.0,191.5,12.0,99.0,67.0,,7.0,,377.0,99.0,17.0,5.0
Corey Davis (FA),2020,WR,TEN,14.0,191.4,13.7,92.0,65.0,,5.0,,291.0,94.0,8.0,2.0
Corey Davis (FA),2021,WR,NYJ,9.0,191.4,13.7,59.0,34.0,,5.0,,129.0,59.0,5.0,1.0
DK Metcalf (PIT),2024,WR,SEA,15.0,191.2,12.7,108.0,66.0,,5.0,,263.0,109.0,10.0,5.0
Chris Godwin (TB),2020,WR,TB,12.0,191.0,15.9,84.0,65.0,,7.0,,384.0,116.0,11.0,5.0
Chris Godwin (TB),2021,WR,TB,14.0,191.0,15.9,127.0,98.0,,7.0,,586.0,127.0,28.0,6.0
Emmanuel Sanders (FA),2019,WR,DEN,17.0,190.3,11.2,97.0,66.0,,5.0,,243.0,106.0,15.0,6.0
Courtland Sutton (DEN),2023,WR,DEN,16.0,190.2,11.9,90.0,59.0,,10.0,,156.0,91.0,19.0,3.0
Deebo Samuel Sr. (WAS),2019,WR,,15.0,189.1,12.6,81.0,57.0,,3.0,,,,,
Cole Beasley (FA),2016,WR,DAL,16.0,189.0,11.8,98.0,75.0,,5.0,,455.0,104.0,9.0,3.0
William Fuller V (FA),2020,WR,,11.0,188.9,17.2,75.0,53.0,,8.0,,,,,
William Fuller V (FA),2021,WR,,2.0,188.9,17.2,8.0,4.0,,8.0,,,,,
Adam Humphries (FA),2018,WR,TB,16.0,188.7,11.8,105.0,76.0,,5.0,,415.0,106.0,16.0,5.0
Tyreek Hill (MIA),2019,WR,KC,12.0,188.3,15.7,89.0,58.0,,7.0,,350.0,116.0,15.0,2.0
Jarvis Landry (FA),2021,WR,CLE,12.0,188.0,12.5,87.0,52.0,,3.0,,273.0,87.0,14.0,2.0
Jarvis Landry (FA),2020,WR,CLE,15.0,188.0,12.5,101.0,72.0,,3.0,,417.0,119.0,23.0,5.0
Nelson Agholor (FA),2017,WR,PHI,16.0,187.5,11.7,95.0,62.0,,8.0,,380.0,113.0,21.0,4.0
Xavier Worthy (KC),2024,WR,KC,17.0,187.2,11.0,98.0,59.0,,6.0,,519.0,120.0,33.0,4.0
DK Metcalf (PIT),2019,WR,,16.0,187.1,11.7,100.0,58.0,,7.0,,,,,
A.J. Green (FA),2016,WR,CIN,10.0,186.4,18.6,100.0,66.0,,4.0,,258.0,100.0,10.0,1.0
Dez Bryant (FA),2017,WR,DAL,16.0,186.4,11.7,132.0,69.0,,6.0,,266.0,132.0,20.0,5.0
Brandon LaFell (FA),2016,WR,CIN,16.0,186.0,11.6,107.0,64.0,,6.0,,344.0,107.0,17.0,3.0
Pierre Garcon (FA),2015,WR,WAS,16.0,185.7,11.6,111.0,72.0,,6.0,,183.0,120.0,19.0,9.0
Larry Fitzgerald (FA),2018,WR,ARI,16.0,185.7,11.6,112.0,69.0,,6.0,,205.0,113.0,15.0,6.0
Nelson Agholor (FA),2021,WR,NE,15.0,185.6,11.6,64.0,37.0,,8.0,,122.0,66.0,7.0,0.0
Nelson Agholor (FA),2020,WR,LV,16.0,185.6,11.6,82.0,48.0,,8.0,,230.0,82.0,13.0,2.0
Keenan Allen (FA),2024,WR,CHI,15.0,185.4,12.4,121.0,70.0,,7.0,,240.0,123.0,17.0,5.0
Alshon Jeffery (FA),2018,WR,PHI,13.0,185.3,14.3,92.0,65.0,,6.0,,298.0,109.0,16.0,5.0
JuJu Smith-Schuster (KC),2022,WR,KC,16.0,185.3,11.6,101.0,78.0,,3.0,,477.0,114.0,19.0,4.0
Chris Godwin (TB),2018,WR,TB,16.0,185.2,11.6,95.0,59.0,,7.0,,245.0,97.0,18.0,6.0
Cole Beasley (FA),2019,WR,BUF,15.0,184.8,12.3,106.0,67.0,,6.0,,361.0,113.0,11.0,4.0
Rueben Randle (FA),2015,WR,NYG,16.0,184.7,11.5,90.0,57.0,,8.0,,205.0,90.0,12.0,2.0
Brandon Aiyuk (SF),2021,WR,SF,17.0,184.5,15.4,84.0,56.0,,5.0,,387.0,101.0,12.0,5.0
Brandon Aiyuk (SF),2020,WR,SF,12.0,184.5,15.4,96.0,60.0,,5.0,,289.0,96.0,15.0,8.0
Sterling Shepard (TB),2016,WR,NYG,16.0,184.4,11.5,105.0,65.0,,8.0,,259.0,114.0,16.0,2.0
Ted Ginn Jr. (FA),2015,WR,,15.0,183.9,12.3,96.0,44.0,,10.0,,,,,
Steve Smith (FA),2016,WR,BAL,14.0,183.9,13.1,101.0,70.0,,5.0,,261.0,99.0,15.0,5.0
Corey Davis (FA),2018,WR,TEN,16.0,183.6,11.5,112.0,65.0,,4.0,,267.0,112.0,15.0,5.0
Josh Downs (IND),2024,WR,IND,14.0,183.5,13.1,107.0,72.0,,5.0,,396.0,107.0,14.0,2.0
Willie Snead IV (FA),2015,WR,,15.0,183.4,12.2,101.0,69.0,,3.0,,,,,
Marquise Brown (KC),2021,WR,BAL,16.0,183.0,11.4,146.0,91.0,,8.0,,8.0,147.0,8.0,4.0
Marquise Brown (KC),2020,WR,LA,16.0,183.0,11.4,100.0,58.0,,8.0,,186.0,35.0,24.0,9.0
Golden Tate (FA),2018,WR,DET,15.0,182.9,12.2,113.0,74.0,,4.0,,434.0,127.0,14.0,4.0
Wan'Dale Robinson (NYG),2024,WR,NYG,17.0,182.7,10.7,140.0,93.0,,3.0,,361.0,140.0,18.0,2.0
Khalil Shakir (BUF),2024,WR,BUF,15.0,182.5,12.2,100.0,76.0,,4.0,,696.0,120.0,10.0,1.0
Sterling Shepard (TB),2018,WR,NYG,16.0,182.5,11.4,107.0,66.0,,4.0,,309.0,108.0,20.0,7.0
Mohamed Sanu Sr. (FA),2018,WR,,16.0,182.4,11.4,94.0,66.0,,4.0,,,,,
Russell Gage Jr. (SF),2020,WR,,16.0,181.1,11.3,109.0,72.0,,4.0,,,,,
Russell Gage Jr. (SF),2021,WR,,13.0,181.1,11.3,94.0,66.0,,4.0,,,,,
Diontae Johnson (CLE),2022,WR,PIT,17.0,180.7,10.6,147.0,86.0,,0.0,,46.0,149.0,2.0,0.0
DeSean Jackson (FA),2016,WR,WAS,15.0,180.5,12.0,100.0,56.0,,4.0,,281.0,100.0,11.0,3.0
Jakobi Meyers (LV),2022,WR,NE,14.0,180.3,12.9,96.0,67.0,,6.0,,238.0,98.0,10.0,6.0
Mike Williams (FA),2018,WR,LAC,16.0,180.2,11.3,66.0,43.0,,10.0,,108.0,86.0,5.0,1.0
Dez Bryant (FA),2016,WR,DAL,13.0,180.0,13.8,96.0,50.0,,8.0,,188.0,110.0,17.0,6.0
Adam Thielen (CAR),2022,WR,MIN,17.0,180.0,10.6,107.0,70.0,,6.0,,157.0,113.0,24.0,8.0
Cameron Meredith (FA),2016,WR,CHI,14.0,179.5,12.8,97.0,66.0,,4.0,,309.0,97.0,14.0,3.0
Drake London (ATL),2022,WR,ATL,17.0,178.6,10.5,117.0,72.0,,4.0,,224.0,118.0,17.0,5.0
Larry Fitzgerald (FA),2019,WR,ARI,16.0,177.4,11.1,109.0,75.0,,4.0,,343.0,109.0,14.0,10.0
Cooper Kupp (SEA),2017,WR,LA,15.0,176.9,11.8,94.0,62.0,,5.0,,373.0,107.0,26.0,1.0
Mike Williams (FA),2022,WR,LAC,13.0,176.5,13.6,93.0,63.0,,4.0,,6.0,93.0,14.0,0.0
Curtis Samuel (BUF),2022,WR,WAS,17.0,176.3,10.4,92.0,64.0,,4.0,,289.0,93.0,19.0,4.0
Jermaine Kearse (FA),2017,WR,NYJ,16.0,176.0,11.0,102.0,65.0,,5.0,,295.0,103.0,9.0,3.0
T.Y. Hilton (FA),2017,WR,IND,16.0,175.6,11.0,109.0,57.0,,4.0,,304.0,109.0,10.0,2.0
Tyler Boyd (FA),2022,WR,CIN,17.0,175.5,10.3,83.0,59.0,,6.0,,263.0,92.0,14.0,6.0
Cooper Kupp (SEA),2024,WR,LA,12.0,175.0,14.6,100.0,67.0,,6.0,,280.0,108.0,13.0,2.0
Allen Lazard (NYJ),2022,WR,GB,15.0,174.8,11.7,100.0,60.0,,6.0,,248.0,101.0,19.0,7.0
Kenny Stills (FA),2017,WR,MIA,16.0,174.7,10.9,105.0,58.0,,6.0,,159.0,105.0,10.0,1.0
Quentin Johnston (LAC),2024,WR,LAC,15.0,174.7,11.6,91.0,55.0,,8.0,,306.0,96.0,12.0,2.0
Rashod Bateman (BAL),2024,WR,BAL,17.0,174.6,10.3,72.0,45.0,,9.0,,197.0,79.0,11.0,2.0
Romeo Doubs (GB),2023,WR,GB,17.0,174.4,10.3,96.0,59.0,,8.0,,210.0,108.0,22.0,5.0
Drake London (ATL),2023,WR,ATL,16.0,174.4,10.9,110.0,69.0,,2.0,,188.0,112.0,18.0,5.0
Mohamed Sanu Sr. (FA),2017,WR,,15.0,174.3,11.6,96.0,67.0,,5.0,,,,,
Marvin Jones Jr. (FA),2015,WR,,16.0,173.9,10.9,103.0,65.0,,4.0,,,,,
Dede Westbrook (FA),2018,WR,JAX,16.0,173.5,10.8,101.0,66.0,,5.0,,360.0,103.0,15.0,2.0
Anquan Boldin (FA),2016,WR,DET,16.0,173.4,10.8,95.0,67.0,,8.0,,253.0,101.0,23.0,9.0
Michael Gallup (WAS),2020,WR,DAL,16.0,173.3,10.8,105.0,59.0,,5.0,,252.0,105.0,14.0,4.0
Michael Gallup (WAS),2021,WR,DAL,9.0,173.3,10.8,62.0,35.0,,5.0,,123.0,62.0,8.0,2.0
Donte Moncrief (FA),2015,WR,IND,16.0,173.3,10.8,105.0,64.0,,6.0,,267.0,105.0,12.0,3.0
Brandin Cooks (NO),2023,WR,DAL,16.0,173.2,10.8,81.0,54.0,,8.0,,126.0,90.0,16.0,4.0
Michael Floyd (FA),2015,WR,LAC,15.0,172.9,11.5,89.0,52.0,,6.0,,86.0,69.0,4.0,0.0
Julian Edelman (FA),2015,WR,NE,9.0,172.5,19.2,88.0,61.0,,7.0,,351.0,118.0,23.0,4.0
Marqise Lee (FA),2016,WR,JAX,16.0,172.4,10.8,105.0,63.0,,3.0,,338.0,105.0,9.0,1.0
Marvin Jones Jr. (FA),2016,WR,,15.0,172.3,11.5,103.0,55.0,,4.0,,,,,
Jamison Crowder (FA),2021,WR,NYJ,12.0,172.0,14.3,71.0,51.0,,6.0,,174.0,73.0,14.0,4.0
Jamison Crowder (FA),2020,WR,NYJ,12.0,172.0,14.3,89.0,59.0,,6.0,,327.0,89.0,10.0,1.0
Michael Crabtree (FA),2017,WR,LV,14.0,171.8,12.3,101.0,58.0,,8.0,,190.0,103.0,16.0,9.0
Curtis Samuel (BUF),2019,WR,CAR,16.0,171.7,10.7,105.0,54.0,,6.0,,153.0,105.0,18.0,8.0
Gabe Davis (FA),2022,WR,BUF,15.0,171.6,11.4,93.0,48.0,,7.0,,149.0,106.0,17.0,2.0
Jordan Matthews (FA),2016,WR,PHI,14.0,171.4,12.2,117.0,73.0,,3.0,,243.0,119.0,14.0,5.0
Martavis Bryant (FA),2015,WR,PIT,11.0,170.2,15.5,92.0,50.0,,6.0,,439.0,113.0,17.0,3.0
Darius Slayton (NYG),2019,WR,NYG,14.0,170.0,12.1,84.0,48.0,,8.0,,192.0,85.0,8.0,3.0
Anquan Boldin (FA),2015,WR,SF,14.0,169.9,12.1,111.0,69.0,,4.0,,282.0,112.0,20.0,6.0
Joshua Palmer (BUF),2022,WR,LAC,16.0,169.3,10.6,107.0,72.0,,3.0,,261.0,114.0,10.0,1.0
Quincy Enunwa (FA),2016,WR,NYJ,16.0,168.9,10.6,105.0,58.0,,4.0,,352.0,105.0,15.0,5.0
Marquise Goodwin (FA),2017,WR,SF,16.0,168.6,10.5,105.0,56.0,,2.0,,198.0,105.0,15.0,3.0
Kenny Stills (FA),2016,WR,MIA,16.0,168.6,10.5,81.0,42.0,,9.0,,199.0,86.0,6.0,0.0
Deebo Samuel Sr. (WAS),2022,WR,,13.0,168.4,13.0,94.0,56.0,,2.0,,,,,
Christian Kirk (HOU),2019,WR,ARI,13.0,168.2,12.9,108.0,68.0,,3.0,,286.0,109.0,14.0,2.0
Donovan Peoples-Jones (NO),2022,WR,CLE,17.0,167.1,9.8,96.0,61.0,,3.0,,191.0,96.0,13.0,3.0
George Pickens (DAL),2022,WR,PIT,17.0,166.5,9.8,84.0,52.0,,4.0,,104.0,85.0,9.0,3.0
DeVante Parker (FA),2021,WR,MIA,10.0,166.3,11.9,73.0,40.0,,4.0,,104.0,73.0,6.0,2.0
DeVante Parker (FA),2020,WR,MIA,14.0,166.3,11.9,103.0,63.0,,4.0,,173.0,104.0,15.0,9.0
Nelson Agholor (FA),2018,WR,PHI,16.0,165.4,10.3,97.0,64.0,,4.0,,364.0,106.0,15.0,2.0
Zay Jones (ARI),2018,WR,BUF,16.0,165.2,10.3,102.0,56.0,,7.0,,142.0,103.0,18.0,3.0
Tank Dell (HOU),2023,WR,,11.0,165.0,15.0,75.0,47.0,,7.0,,6.0,,1.0,0.0
Emmanuel Sanders (FA),2020,WR,NO,14.0,164.8,11.8,82.0,61.0,,5.0,,191.0,94.0,14.0,2.0
Emmanuel Sanders (FA),2021,WR,BUF,14.0,164.8,11.8,72.0,42.0,,5.0,,85.0,77.0,11.0,3.0
Cooper Kupp (SEA),2023,WR,LA,12.0,164.4,13.7,95.0,59.0,,5.0,,327.0,106.0,26.0,7.0
George Pickens (DAL),2024,WR,PIT,14.0,164.4,11.7,103.0,59.0,,3.0,,236.0,108.0,16.0,5.0
T.Y. Hilton (FA),2020,WR,IND,15.0,164.2,10.9,93.0,56.0,,5.0,,203.0,99.0,11.0,2.0
T.Y. Hilton (FA),2021,WR,IND,10.0,164.2,10.9,37.0,23.0,,5.0,,71.0,37.0,4.0,2.0
Christian Watson (GB),2022,WR,GB,14.0,164.1,11.7,65.0,41.0,,7.0,,264.0,66.0,17.0,4.0
Keenan Allen (FA),2022,WR,LAC,10.0,164.0,16.4,89.0,66.0,,4.0,,291.0,102.0,20.0,5.0
Robert Woods (PIT),2017,WR,LA,12.0,163.3,13.6,85.0,56.0,,5.0,,338.0,99.0,12.0,3.0
Diontae Johnson (CLE),2019,WR,ARI,16.0,163.1,10.2,92.0,59.0,,5.0,,226.0,47.0,23.0,7.0
Dontrelle Inman (FA),2016,WR,LAC,16.0,163.0,10.2,97.0,58.0,,4.0,,214.0,97.0,7.0,1.0
Sterling Shepard (TB),2020,WR,NYG,12.0,162.5,13.5,90.0,66.0,,3.0,,204.0,92.0,13.0,4.0
Sterling Shepard (TB),2021,WR,NYG,7.0,162.5,13.5,53.0,36.0,,3.0,,111.0,53.0,9.0,2.0
Robbie Chosen (FA),2019,WR,,16.0,162.3,10.1,96.0,52.0,,5.0,,,,,
Keenan Allen (FA),2015,WR,LAC,8.0,161.5,20.2,89.0,67.0,,4.0,,236.0,90.0,8.0,1.0
Gabe Davis (FA),2023,WR,BUF,17.0,161.4,9.5,81.0,45.0,,7.0,,180.0,82.0,13.0,4.0
Alec Pierce (IND),2024,WR,IND,16.0,161.4,10.1,69.0,37.0,,7.0,,118.0,69.0,6.0,2.0
Mike Williams (FA),2019,WR,LAC,15.0,161.3,10.8,90.0,49.0,,2.0,,104.0,90.0,4.0,0.0
Tim Patrick (DET),2021,WR,DEN,16.0,161.2,10.7,85.0,53.0,,6.0,,202.0,85.0,11.0,3.0
Tim Patrick (DET),2020,WR,DEN,15.0,161.2,10.7,79.0,51.0,,6.0,,238.0,80.0,11.0,4.0
Jamison Crowder (FA),2017,WR,WAS,15.0,160.3,10.7,103.0,66.0,,3.0,,370.0,103.0,14.0,5.0
Ted Ginn Jr. (FA),2017,WR,,15.0,159.6,10.6,70.0,53.0,,4.0,,,,,
Randall Cobb (FA),2017,WR,GB,15.0,159.4,10.6,92.0,66.0,,4.0,,412.0,93.0,9.0,3.0
Courtland Sutton (DEN),2022,WR,DEN,15.0,159.4,10.6,109.0,64.0,,2.0,,147.0,109.0,14.0,5.0
Ted Ginn Jr. (FA),2016,WR,,16.0,159.0,9.9,95.0,54.0,,4.0,,,,,
Alshon Jeffery (FA),2015,WR,CHI,9.0,158.7,17.6,94.0,54.0,,4.0,,177.0,94.0,16.0,2.0
Amari Cooper (FA),2017,WR,LV,14.0,158.4,11.3,96.0,48.0,,7.0,,293.0,96.0,10.0,5.0
Jerry Jeudy (CLE),2021,WR,DEN,10.0,157.6,9.9,56.0,38.0,,3.0,,178.0,56.0,3.0,1.0
Jerry Jeudy (CLE),2020,WR,DEN,16.0,157.6,9.9,113.0,52.0,,3.0,,284.0,115.0,10.0,2.0
Curtis Samuel (BUF),2023,WR,WAS,16.0,157.2,9.8,91.0,62.0,,4.0,,260.0,91.0,20.0,6.0
Laviska Shenault Jr. (BUF),2021,WR,,16.0,157.1,11.2,100.0,63.0,,5.0,,,,,
Laviska Shenault Jr. (BUF),2020,WR,,14.0,157.1,11.2,79.0,58.0,,5.0,,,,,
Josh Downs (IND),2023,WR,IND,17.0,157.1,9.2,98.0,68.0,,2.0,,371.0,98.0,10.0,3.0
DJ Moore (CHI),2018,WR,SEA,16.0,157.0,9.8,82.0,55.0,,2.0,,93.0,53.0,9.0,1.0
Dede Westbrook (FA),2019,WR,JAX,15.0,156.7,10.4,101.0,66.0,,3.0,,311.0,103.0,13.0,7.0
Jordy Nelson (FA),2018,WR,LV,15.0,156.7,10.4,88.0,63.0,,3.0,,241.0,89.0,8.0,2.0
Demaryius Thomas (FA),2018,WR,,15.0,156.7,10.4,89.0,59.0,,5.0,,30.0,,1.0,1.0
Chris Conley (FA),2019,WR,JAX,16.0,156.5,9.8,90.0,47.0,,5.0,,240.0,93.0,11.0,6.0
Robbie Chosen (FA),2018,WR,,14.0,156.4,11.2,94.0,50.0,,6.0,,,,,
Rishard Matthews (FA),2017,WR,TEN,14.0,156.2,11.2,87.0,53.0,,4.0,,286.0,98.0,10.0,1.0
Marquise Brown (KC),2022,WR,ARI,12.0,156.0,13.0,107.0,67.0,,3.0,,37.0,107.0,6.0,4.0
Brandon Marshall (FA),2016,WR,NYJ,15.0,155.8,10.4,128.0,59.0,,3.0,,176.0,128.0,21.0,6.0
Rashid Shaheed (NO),2023,WR,NO,16.0,155.6,9.7,75.0,46.0,,5.0,,151.0,75.0,7.0,1.0
K.J. Osborn (WAS),2022,WR,MIN,17.0,155.6,9.2,90.0,60.0,,5.0,,304.0,93.0,12.0,3.0
Keelan Cole Sr. (FA),2020,WR,,16.0,155.4,9.7,88.0,55.0,,5.0,,,,,
Keelan Cole Sr. (FA),2021,WR,,14.0,155.4,9.7,51.0,28.0,,5.0,,,,,
Randall Cobb (FA),2019,WR,DAL,15.0,154.9,10.3,83.0,55.0,,3.0,,329.0,83.0,8.0,0.0
DeVante Parker (FA),2016,WR,MIA,15.0,154.4,10.3,87.0,56.0,,4.0,,248.0,94.0,11.0,1.0
Mack Hollins (NE),2022,WR,LV,17.0,154.2,9.1,94.0,57.0,,4.0,,192.0,94.0,12.0,3.0
Terrance Williams (FA),2015,WR,DAL,16.0,154.0,9.6,93.0,52.0,,3.0,,275.0,93.0,11.0,1.0
Mike Williams (FA),2021,WR,LAC,16.0,153.7,10.2,129.0,76.0,,5.0,,125.0,130.0,1.0,0.0
Mike Williams (FA),2020,WR,LAC,15.0,153.7,10.2,85.0,48.0,,5.0,,66.0,85.0,3.0,1.0
DJ Chark Jr. (ATL),2020,WR,,13.0,153.6,11.8,93.0,53.0,,5.0,,,,,
DJ Chark Jr. (ATL),2021,WR,,3.0,153.6,11.8,22.0,7.0,,5.0,,,,,
Deebo Samuel Sr. (WAS),2024,WR,,15.0,153.6,10.2,81.0,51.0,,3.0,,,,,
Tyler Lockett (TEN),2015,WR,SEA,16.0,153.4,9.6,69.0,51.0,,6.0,,279.0,78.0,4.0,0.0
Allen Robinson II (FA),2018,WR,,13.0,153.3,11.8,94.0,55.0,,4.0,,,,,
Diontae Johnson (CLE),2023,WR,PIT,13.0,152.7,11.7,87.0,51.0,,5.0,,272.0,94.0,13.0,5.0
Golden Tate (FA),2019,WR,NYG,11.0,152.2,13.8,85.0,49.0,,6.0,,278.0,85.0,9.0,0.0
Darnell Mooney (ATL),2020,WR,CHI,16.0,152.1,9.5,98.0,61.0,,4.0,,254.0,99.0,12.0,3.0
Darnell Mooney (ATL),2021,WR,CHI,17.0,152.1,9.5,140.0,81.0,,4.0,,381.0,141.0,15.0,4.0
Jalen Tolbert (DAL),2024,WR,DAL,17.0,152.0,8.9,79.0,49.0,,7.0,,166.0,79.0,13.0,4.0
Taylor Gabriel (FA),2018,WR,CHI,16.0,151.9,9.5,93.0,67.0,,2.0,,221.0,103.0,11.0,4.0
DeAndre Hopkins (BAL),2022,WR,ARI,9.0,151.7,16.9,96.0,64.0,,3.0,,165.0,98.0,8.0,2.0
DeSean Jackson (FA),2018,WR,TB,12.0,151.3,12.6,74.0,41.0,,4.0,,181.0,74.0,6.0,0.0
Mike Wallace (FA),2017,WR,BAL,15.0,151.2,10.1,92.0,52.0,,4.0,,157.0,92.0,12.0,1.0
Darius Slayton (NYG),2023,WR,NYG,17.0,151.0,8.9,79.0,50.0,,4.0,,298.0,79.0,4.0,0.0
Markus Wheaton (FA),2015,WR,PIT,16.0,150.9,9.4,79.0,44.0,,5.0,,176.0,94.0,17.0,3.0
Paul Richardson Jr. (FA),2017,WR,,16.0,150.3,9.4,80.0,44.0,,6.0,,,,,
Christian Kirk (HOU),2023,WR,JAX,12.0,150.3,12.5,85.0,57.0,,3.0,,247.0,85.0,6.0,0.0
Cole Beasley (FA),2018,WR,DAL,16.0,150.2,9.4,87.0,65.0,,3.0,,230.0,92.0,10.0,2.0
Jaxon Smith-Njigba (SEA),2023,WR,SEA,17.0,149.8,8.8,93.0,63.0,,4.0,,366.0,93.0,10.0,0.0
Jaylen Waddle (MIA),2024,WR,MIA,16.0,149.6,9.4,83.0,58.0,,2.0,,259.0,85.0,15.0,3.0
A.J. Green (FA),2018,WR,CIN,9.0,149.4,16.6,77.0,46.0,,6.0,,163.0,78.0,15.0,6.0
Stefon Diggs (NE),2015,WR,MIN,13.0,149.3,11.5,84.0,52.0,,4.0,,298.0,90.0,9.0,0.0
Parris Campbell (DAL),2022,WR,IND,17.0,149.1,8.8,91.0,63.0,,3.0,,276.0,92.0,11.0,3.0
Mohamed Sanu Sr. (FA),2016,WR,,15.0,148.8,9.9,81.0,59.0,,4.0,,,,,
Randall Cobb (FA),2016,WR,GB,13.0,148.3,11.4,84.0,60.0,,4.0,,448.0,108.0,21.0,3.0
Danny Amendola (FA),2015,WR,NE,14.0,148.3,10.6,87.0,65.0,,3.0,,286.0,98.0,13.0,3.0
Marqise Lee (FA),2017,WR,JAX,14.0,147.9,10.6,96.0,56.0,,3.0,,313.0,112.0,9.0,6.0
DeMario Douglas (NE),2024,WR,NE,17.0,147.7,8.7,87.0,66.0,,3.0,,359.0,87.0,6.0,2.0
Jermaine Kearse (FA),2015,WR,SEA,16.0,147.5,9.2,68.0,49.0,,5.0,,254.0,88.0,13.0,2.0
DeAndre Hopkins (BAL),2024,WR,KC,16.0,147.0,9.2,80.0,56.0,,5.0,,121.0,89.0,14.0,7.0
Tavon Austin (FA),2016,WR,LA,15.0,146.8,9.8,106.0,58.0,,3.0,,272.0,106.0,14.0,0.0
Jeremy Kerley (FA),2016,WR,SF,16.0,146.7,9.2,115.0,64.0,,3.0,,207.0,115.0,7.0,0.0
Marquise Brown (KC),2019,WR,BAL,14.0,146.4,10.5,71.0,46.0,,7.0,,7.0,82.0,16.0,8.0
Christian Kirk (HOU),2021,WR,ARI,17.0,146.4,10.5,103.0,77.0,,6.0,,241.0,114.0,10.0,3.0
Christian Kirk (HOU),2020,WR,ARI,14.0,146.4,10.5,79.0,48.0,,6.0,,175.0,79.0,14.0,3.0
Sammy Watkins (FA),2017,WR,LA,15.0,146.3,9.8,70.0,39.0,,8.0,,190.0,74.0,11.0,5.0
Julio Jones (FA),2021,WR,TEN,10.0,146.1,16.2,48.0,31.0,,3.0,,136.0,55.0,7.0,2.0
Alshon Jeffery (FA),2016,WR,CHI,12.0,146.1,12.2,94.0,52.0,,2.0,,199.0,94.0,12.0,1.0
Julio Jones (FA),2020,WR,ATL,9.0,146.1,16.2,68.0,51.0,,3.0,,231.0,68.0,10.0,1.0
Tyler Boyd (FA),2023,WR,CIN,17.0,145.8,8.6,98.0,67.0,,2.0,,279.0,98.0,9.0,1.0
Brandin Cooks (NO),2022,WR,HOU,13.0,145.6,11.2,93.0,57.0,,3.0,,205.0,93.0,10.0,0.0
Rome Odunze (CHI),2024,WR,CHI,17.0,144.9,8.5,101.0,54.0,,3.0,,253.0,101.0,17.0,3.0
Sterling Shepard (TB),2017,WR,NYG,11.0,144.5,13.1,84.0,59.0,,2.0,,295.0,84.0,11.0,3.0
John Brown (FA),2018,WR,BAL,16.0,143.9,9.0,97.0,42.0,,5.0,,46.0,101.0,6.0,2.0
Tyrell Williams (FA),2019,WR,LV,14.0,143.1,10.2,64.0,42.0,,6.0,,190.0,64.0,8.0,3.0
Jakobi Meyers (LV),2021,WR,NE,16.0,142.6,10.2,126.0,83.0,,0.0,,226.0,137.0,19.0,7.0
Jakobi Meyers (LV),2020,WR,NE,14.0,142.6,10.2,81.0,59.0,,0.0,,216.0,82.0,6.0,3.0
Sterling Shepard (TB),2019,WR,NYG,10.0,141.8,14.2,83.0,57.0,,3.0,,179.0,84.0,13.0,1.0
Jerry Jeudy (CLE),2023,WR,DEN,16.0,141.8,8.9,87.0,54.0,,2.0,,323.0,87.0,11.0,3.0
Doug Baldwin (FA),2018,WR,SEA,13.0,141.8,10.9,73.0,50.0,,5.0,,156.0,79.0,14.0,3.0
Darius Slayton (NYG),2020,WR,NYG,16.0,141.0,8.8,96.0,50.0,,3.0,,159.0,96.0,11.0,2.0
Darius Slayton (NYG),2021,WR,NYG,13.0,141.0,8.8,58.0,26.0,,3.0,,65.0,58.0,2.0,0.0
Danny Amendola (FA),2019,WR,DET,15.0,140.6,9.4,97.0,62.0,,1.0,,207.0,97.0,9.0,1.0
Ray-Ray McCloud III (ATL),2024,WR,,17.0,140.5,8.3,87.0,62.0,,1.0,,,,,
Tank Dell (HOU),2024,WR,HOU,14.0,140.0,10.0,81.0,51.0,,3.0,,164.0,81.0,10.0,1.0
Taylor Gabriel (FA),2016,WR,ATL,13.0,140.0,10.8,50.0,35.0,,6.0,,346.0,64.0,7.0,1.0
Adam Thielen (CAR),2024,WR,CAR,10.0,139.5,14.0,62.0,48.0,,5.0,,152.0,62.0,8.0,0.0
Danny Amendola (FA),2017,WR,NE,15.0,138.9,9.3,86.0,61.0,,2.0,,325.0,119.0,19.0,5.0
Josh Gordon (FA),2018,WR,NE,12.0,138.7,11.6,71.0,41.0,,4.0,,264.0,71.0,8.0,2.0
DeSean Jackson (FA),2017,WR,TB,14.0,138.6,9.9,90.0,50.0,,3.0,,191.0,92.0,8.0,4.0
Sammy Watkins (FA),2019,WR,KC,14.0,138.5,9.9,90.0,52.0,,3.0,,377.0,109.0,7.0,5.0
Breshad Perriman (FA),2019,WR,TB,14.0,138.1,9.9,69.0,36.0,,6.0,,127.0,70.0,3.0,1.0
Tyrell Williams (FA),2018,WR,,16.0,137.8,8.6,65.0,41.0,,5.0,,6.0,,,
Chris Godwin (TB),2024,WR,TB,7.0,137.8,19.7,62.0,50.0,,5.0,,350.0,62.0,7.0,3.0
Tyrell Williams (FA),2017,WR,DAL,16.0,137.8,8.6,69.0,43.0,,4.0,,230.0,80.0,8.0,4.0
Tee Higgins (CIN),2023,WR,CIN,12.0,137.6,11.5,76.0,42.0,,5.0,,235.0,76.0,12.0,3.0
Marquez Valdes-Scantling (SEA),2021,WR,GB,11.0,137.3,8.6,55.0,26.0,,6.0,,146.0,56.0,9.0,3.0
Marquez Valdes-Scantling (SEA),2020,WR,GB,16.0,137.3,8.6,63.0,33.0,,6.0,,298.0,77.0,9.0,2.0
Jordy Nelson (FA),2017,WR,GB,15.0,137.2,9.1,88.0,53.0,,6.0,,128.0,89.0,13.0,6.0
Gabe Davis (FA),2021,WR,BUF,15.0,136.9,8.6,63.0,35.0,,7.0,,174.0,76.0,21.0,5.0
Gabe Davis (FA),2020,WR,BUF,16.0,136.9,8.6,62.0,35.0,,7.0,,131.0,73.0,17.0,4.0
Zach Pascal (NYG),2020,WR,IND,16.0,136.9,8.6,71.0,44.0,,5.0,,244.0,77.0,16.0,6.0
Zach Pascal (NYG),2021,WR,IND,16.0,136.9,8.6,69.0,38.0,,5.0,,121.0,69.0,14.0,4.0
Curtis Samuel (BUF),2018,WR,CAR,13.0,136.8,10.5,65.0,39.0,,5.0,,111.0,65.0,10.0,2.0
Nate Washington (FA),2015,WR,HOU,14.0,136.8,9.8,94.0,47.0,,4.0,,162.0,100.0,13.0,4.0
Courtland Sutton (DEN),2018,WR,DEN,16.0,136.3,8.5,84.0,42.0,,4.0,,163.0,85.0,9.0,4.0
Nick Westbrook-Ikhine (MIA),2024,WR,TEN,14.0,135.7,9.7,60.0,32.0,,9.0,,124.0,60.0,10.0,3.0
Jalen McMillan (TB),2024,WR,TB,13.0,135.4,10.4,58.0,37.0,,8.0,,144.0,62.0,9.0,1.0
Zach Pascal (NYG),2019,WR,IND,16.0,135.3,8.5,72.0,41.0,,5.0,,239.0,73.0,13.0,3.0
Kelvin Benjamin (FA),2017,WR,CAR,14.0,135.2,9.7,78.0,48.0,,3.0,,142.0,79.0,11.0,4.0
Cooper Kupp (SEA),2018,WR,LA,8.0,135.1,16.9,55.0,40.0,,6.0,,303.0,55.0,13.0,0.0
Marquise Brown (KC),2023,WR,ARI,13.0,134.7,10.4,101.0,51.0,,4.0,,164.0,104.0,12.0,5.0
Willie Snead IV (FA),2018,WR,,16.0,134.4,8.4,95.0,62.0,,1.0,,,,,
Kenny Stills (FA),2018,WR,MIA,15.0,134.4,9.0,64.0,37.0,,6.0,,131.0,65.0,5.0,2.0
William Fuller V (FA),2019,WR,,11.0,134.0,12.2,71.0,49.0,,3.0,,,,,
Rishard Matthews (FA),2015,WR,MIA,11.0,133.6,12.1,61.0,43.0,,4.0,,236.0,61.0,1.0,1.0
Jamison Crowder (FA),2015,WR,WAS,16.0,133.6,8.4,78.0,59.0,,2.0,,339.0,84.0,15.0,7.0
Hunter Renfrow (CAR),2019,WR,LV,13.0,133.5,10.3,71.0,49.0,,4.0,,301.0,72.0,13.0,4.0
James Washington (FA),2019,WR,PIT,15.0,133.5,8.9,80.0,44.0,,3.0,,185.0,80.0,2.0,1.0
Wan'Dale Robinson (NYG),2023,WR,NYG,15.0,133.2,8.9,78.0,60.0,,1.0,,287.0,78.0,4.0,0.0
Greg Ward (FA),2021,WR,,10.0,133.1,8.3,11.0,7.0,,6.0,,16.0,,6.0,3.0
Greg Ward (FA),2020,WR,PHI,16.0,133.1,8.3,79.0,53.0,,6.0,,164.0,80.0,8.0,4.0
Adam Humphries (FA),2016,WR,TB,15.0,133.0,8.9,83.0,55.0,,2.0,,382.0,84.0,11.0,2.0
Keelan Cole Sr. (FA),2017,WR,,16.0,132.8,8.3,83.0,42.0,,3.0,,,,,
Michael Crabtree (FA),2018,WR,BAL,16.0,132.7,8.3,100.0,54.0,,3.0,,130.0,104.0,12.0,2.0
Martavis Bryant (FA),2017,WR,PIT,15.0,132.5,8.8,84.0,50.0,,3.0,,192.0,89.0,11.0,2.0
Richie James Jr. (FA),2022,WR,,16.0,132.5,8.3,70.0,57.0,,4.0,,,,,
Travis Benjamin (FA),2016,WR,LAC,14.0,132.4,9.5,75.0,47.0,,4.0,,246.0,75.0,7.0,0.0
Antonio Callaway (FA),2018,WR,CLE,16.0,132.3,8.3,79.0,43.0,,5.0,,236.0,82.0,11.0,7.0
Elijah Moore (BUF),2023,WR,CLE,16.0,132.1,8.3,104.0,59.0,,2.0,,200.0,106.0,15.0,1.0
Romeo Doubs (GB),2024,WR,GB,13.0,132.1,10.2,72.0,46.0,,4.0,,137.0,75.0,12.0,2.0
Cole Beasley (FA),2015,WR,DAL,16.0,131.6,8.2,75.0,52.0,,5.0,,324.0,75.0,18.0,4.0
Hunter Renfrow (CAR),2021,WR,LV,17.0,131.6,8.2,128.0,103.0,,2.0,,487.0,140.0,27.0,5.0
Hunter Renfrow (CAR),2020,WR,LV,16.0,131.6,8.2,77.0,56.0,,2.0,,338.0,77.0,8.0,3.0
Steve Smith (FA),2015,WR,BAL,7.0,131.0,18.7,73.0,46.0,,3.0,,256.0,73.0,9.0,1.0
Donte Moncrief (FA),2018,WR,JAX,16.0,130.8,8.2,89.0,48.0,,3.0,,240.0,89.0,6.0,2.0
Jahan Dotson (PHI),2022,WR,WAS,12.0,130.6,10.9,61.0,35.0,,7.0,,137.0,63.0,10.0,4.0
DeVante Parker (FA),2017,WR,MIA,13.0,130.0,10.0,96.0,57.0,,1.0,,207.0,97.0,13.0,3.0
Kendrick Bourne (NE),2020,WR,SF,15.0,129.7,8.6,74.0,49.0,,2.0,,219.0,75.0,12.0,5.0
Kendrick Bourne (NE),2021,WR,NE,17.0,129.7,8.6,70.0,55.0,,2.0,,407.0,78.0,11.0,4.0
Tre Tucker (LV),2024,WR,LV,17.0,129.3,7.6,81.0,47.0,,3.0,,208.0,81.0,8.0,1.0
Chris Hogan (FA),2016,WR,NE,15.0,128.9,8.6,58.0,38.0,,4.0,,308.0,81.0,14.0,4.0
Josh Reynolds (NYJ),2023,WR,DET,16.0,128.8,8.1,64.0,40.0,,5.0,,209.0,78.0,15.0,5.0
Adam Humphries (FA),2017,WR,TB,16.0,128.7,8.0,83.0,61.0,,1.0,,307.0,83.0,5.0,0.0
Darius Slayton (NYG),2022,WR,NYG,15.0,128.4,8.6,71.0,46.0,,2.0,,307.0,84.0,5.0,0.0
Anthony Miller (BAL),2019,WR,CHI,16.0,127.5,8.0,85.0,52.0,,2.0,,217.0,85.0,10.0,2.0
Danny Amendola (FA),2018,WR,MIA,15.0,127.4,8.5,79.0,59.0,,1.0,,229.0,79.0,2.0,0.0
Kendall Wright (FA),2017,WR,CHI,16.0,126.4,7.9,91.0,59.0,,1.0,,182.0,92.0,8.0,2.0
Ryan Grant (FA),2017,WR,WAS,16.0,126.3,7.9,65.0,45.0,,4.0,,235.0,65.0,9.0,1.0
Eli Rogers (FA),2016,WR,PIT,13.0,126.0,9.7,66.0,48.0,,3.0,,250.0,84.0,9.0,4.0
Allen Lazard (NYJ),2024,WR,NYJ,12.0,126.0,10.5,60.0,37.0,,6.0,,155.0,61.0,12.0,2.0
Torrey Smith (FA),2015,WR,SF,16.0,125.3,7.8,62.0,33.0,,4.0,,218.0,63.0,8.0,1.0
T.Y. Hilton (FA),2019,WR,IND,10.0,125.1,12.5,68.0,45.0,,5.0,,213.0,68.0,8.0,4.0
Xavier Legette (CAR),2024,WR,CAR,16.0,125.1,7.8,84.0,49.0,,4.0,,112.0,85.0,13.0,3.0
Brandon LaFell (FA),2017,WR,CIN,16.0,124.8,7.8,89.0,52.0,,3.0,,239.0,89.0,11.0,0.0
Jahan Dotson (PHI),2023,WR,WAS,17.0,124.8,7.3,83.0,49.0,,4.0,,115.0,83.0,12.0,3.0
Michael Wilson (ARI),2024,WR,,16.0,124.5,7.8,71.0,47.0,,4.0,,,,,
Josh Reynolds (NYJ),2021,WR,DET,11.0,124.3,7.8,49.0,29.0,,2.0,,119.0,49.0,6.0,0.0
Travis Benjamin (FA),2017,WR,LAC,16.0,124.3,7.8,65.0,34.0,,4.0,,210.0,65.0,2.0,0.0
Josh Reynolds (NYJ),2020,WR,LA,16.0,124.3,7.8,81.0,52.0,,2.0,,248.0,85.0,7.0,3.0
Tyler Boyd (FA),2016,WR,CIN,16.0,124.1,7.8,81.0,54.0,,1.0,,201.0,81.0,10.0,2.0
Mohamed Sanu Sr. (FA),2019,WR,,15.0,124.1,8.3,89.0,59.0,,2.0,,,,,
Tyler Lockett (TEN),2016,WR,SEA,15.0,124.1,8.3,66.0,41.0,,1.0,,216.0,66.0,6.0,1.0
Demarcus Robinson (SF),2024,WR,LA,17.0,123.5,7.3,64.0,31.0,,7.0,,79.0,75.0,15.0,9.0
Christian Kirk (HOU),2018,WR,ARI,12.0,123.5,10.3,68.0,43.0,,3.0,,225.0,69.0,7.0,1.0
Devin Funchess (FA),2018,WR,CAR,14.0,122.9,8.8,79.0,44.0,,4.0,,76.0,79.0,12.0,4.0
Amari Cooper (FA),2024,WR,BUF,13.0,122.7,9.4,85.0,44.0,,4.0,,134.0,93.0,6.0,0.0
Marquez Valdes-Scantling (SEA),2022,WR,KC,17.0,122.4,7.2,81.0,42.0,,2.0,,161.0,92.0,13.0,2.0
Alshon Jeffery (FA),2019,WR,PHI,10.0,122.2,12.2,73.0,43.0,,4.0,,116.0,74.0,12.0,5.0
William Fuller V (FA),2016,WR,,14.0,122.2,8.7,92.0,47.0,,2.0,,,,,
Kenny Britt (FA),2015,WR,LA,16.0,122.1,7.6,72.0,36.0,,3.0,,118.0,72.0,4.0,0.0
Kayshon Boutte (NE),2024,WR,NE,15.0,121.9,8.1,68.0,43.0,,3.0,,150.0,69.0,5.0,3.0
Stefon Diggs (NE),2024,WR,HOU,8.0,121.9,15.2,64.0,47.0,,3.0,,185.0,64.0,6.0,1.0
Tyler Lockett (TEN),2024,WR,SEA,17.0,121.0,7.1,74.0,49.0,,2.0,,134.0,74.0,10.0,3.0
Marques Colston (FA),2015,WR,NO,13.0,121.0,9.3,67.0,45.0,,4.0,,192.0,68.0,9.0,4.0
Rashard Higgins (FA),2021,WR,CLE,12.0,120.9,9.3,47.0,24.0,,4.0,,41.0,47.0,5.0,0.0
Elijah Moore (BUF),2024,WR,CLE,17.0,120.9,7.1,102.0,61.0,,1.0,,133.0,102.0,7.0,1.0
Rashard Higgins (FA),2020,WR,CLE,13.0,120.9,9.3,52.0,37.0,,4.0,,106.0,66.0,9.0,2.0
Anthony Miller (BAL),2018,WR,CHI,15.0,120.2,8.0,54.0,33.0,,7.0,,177.0,59.0,14.0,3.0
Kenny Stills (FA),2019,WR,HOU,13.0,120.1,9.2,55.0,40.0,,4.0,,187.0,66.0,4.0,0.0
K.J. Osborn (WAS),2023,WR,MIN,15.0,120.0,8.0,75.0,48.0,,3.0,,185.0,75.0,11.0,3.0
Andrei Iosivas (CIN),2024,WR,CIN,17.0,119.9,7.1,61.0,36.0,,6.0,,67.0,61.0,10.0,5.0
Josh Doctson (FA),2017,WR,WAS,16.0,119.8,7.5,78.0,35.0,,6.0,,131.0,78.0,16.0,4.0
Dontayvion Wicks (GB),2023,WR,GB,15.0,119.8,8.0,58.0,39.0,,4.0,,211.0,62.0,9.0,0.0
Isaiah McKenzie (FA),2022,WR,BUF,16.0,119.8,7.5,66.0,42.0,,4.0,,144.0,67.0,15.0,4.0
Robert Woods (PIT),2016,WR,BUF,13.0,118.9,9.1,76.0,51.0,,1.0,,124.0,76.0,8.0,2.0
Calvin Austin III (PIT),2024,WR,,17.0,118.8,7.0,58.0,36.0,,4.0,,,,,
Tyler Lockett (TEN),2017,WR,SEA,16.0,118.3,7.4,71.0,45.0,,2.0,,188.0,71.0,11.0,1.0
Robert Woods (PIT),2015,WR,BUF,14.0,118.2,8.4,80.0,47.0,,3.0,,155.0,80.0,7.0,2.0
Rashard Higgins (FA),2018,WR,CLE,13.0,118.2,9.1,53.0,39.0,,4.0,,146.0,53.0,4.0,0.0
Brandin Cooks (NO),2019,WR,LA,14.0,117.5,8.4,72.0,42.0,,2.0,,169.0,73.0,6.0,3.0
Chester Rogers (FA),2018,WR,IND,16.0,117.1,7.3,72.0,53.0,,2.0,,280.0,85.0,9.0,3.0
Eric Decker (FA),2017,WR,TEN,16.0,116.3,7.3,83.0,54.0,,1.0,,129.0,95.0,11.0,1.0
Kalif Raymond (DET),2022,WR,DET,17.0,116.2,6.8,64.0,47.0,,0.0,,218.0,64.0,10.0,0.0
Devin Duvernay (CHI),2022,WR,BAL,14.0,116.1,8.3,49.0,37.0,,3.0,,159.0,49.0,11.0,3.0
Albert Wilson (FA),2017,WR,KC,13.0,116.0,8.9,62.0,42.0,,3.0,,327.0,66.0,12.0,0.0
Travis Fulgham (FA),2021,WR,,,115.9,8.9,,,,4.0,,,,,
Travis Fulgham (FA),2020,WR,PHI,13.0,115.9,8.9,67.0,38.0,,4.0,,100.0,67.0,10.0,2.0
Marvin Jones Jr. (FA),2018,WR,,9.0,115.8,12.9,62.0,35.0,,5.0,,,,,
Michael Floyd (FA),2016,WR,ARI,15.0,115.8,7.7,76.0,37.0,,5.0,,79.0,80.0,15.0,5.0
Robert Woods (PIT),2022,WR,TEN,17.0,115.7,6.8,91.0,53.0,,2.0,,156.0,91.0,14.0,1.0
DJ Chark Jr. (ATL),2023,WR,,14.0,115.5,8.3,66.0,35.0,,5.0,,,,,
Brian Quick (FA),2016,WR,LA,16.0,115.4,7.2,77.0,41.0,,3.0,,177.0,77.0,8.0,2.0
Andre Johnson (FA),2015,WR,IND,16.0,115.3,7.2,77.0,41.0,,4.0,,147.0,78.0,12.0,3.0
Chris Moore (WAS),2022,WR,HOU,15.0,115.1,7.7,74.0,48.0,,2.0,,267.0,74.0,11.0,1.0
Sammy Watkins (FA),2018,WR,KC,10.0,115.1,11.5,55.0,40.0,,3.0,,309.0,71.0,14.0,2.0
Corey Davis (FA),2019,WR,TEN,15.0,115.1,7.7,69.0,43.0,,2.0,,243.0,81.0,5.0,1.0
Robbie Chosen (FA),2016,WR,,16.0,114.9,7.2,78.0,42.0,,2.0,,,,,
Damiere Byrd (FA),2021,WR,CHI,11.0,114.9,7.2,38.0,26.0,,1.0,,116.0,39.0,5.0,2.0
Damiere Byrd (FA),2020,WR,NE,16.0,114.9,7.2,77.0,47.0,,1.0,,172.0,77.0,2.0,1.0
Kendrick Bourne (NE),2018,WR,SF,16.0,114.7,7.2,67.0,42.0,,4.0,,147.0,67.0,12.0,4.0
Michael Wilson (ARI),2023,WR,,13.0,114.5,8.8,58.0,38.0,,3.0,,,,,
Emmanuel Sanders (FA),2017,WR,DEN,12.0,114.5,9.5,92.0,47.0,,2.0,,167.0,92.0,10.0,2.0
Noah Brown (WAS),2022,WR,DAL,16.0,114.5,7.2,74.0,43.0,,3.0,,162.0,79.0,14.0,4.0
Adam Thielen (CAR),2019,WR,MIN,10.0,114.4,11.4,48.0,30.0,,6.0,,144.0,64.0,8.0,2.0
William Fuller V (FA),2017,WR,,10.0,113.2,11.3,50.0,28.0,,7.0,,,,,
JuJu Smith-Schuster (KC),2019,WR,PIT,12.0,113.2,9.4,70.0,42.0,,3.0,,222.0,71.0,8.0,1.0
Greg Dortch (ARI),2022,WR,ARI,16.0,113.1,7.1,64.0,52.0,,2.0,,293.0,64.0,9.0,3.0
Khalil Shakir (BUF),2023,WR,BUF,17.0,113.1,6.7,45.0,39.0,,2.0,,335.0,58.0,7.0,1.0
Dorial Green-Beckham (FA),2015,WR,TEN,16.0,112.9,7.1,67.0,32.0,,4.0,,144.0,68.0,10.0,5.0
Steve Johnson (FA),2015,WR,LAC,10.0,112.7,11.3,65.0,45.0,,3.0,,265.0,65.0,10.0,1.0
Olamide Zaccheaus (CHI),2024,WR,WAS,17.0,112.4,6.6,64.0,45.0,,3.0,,320.0,75.0,11.0,2.0
Tutu Atwell (LAR),2023,WR,LA,16.0,112.4,7.0,67.0,39.0,,3.0,,126.0,69.0,7.0,5.0
DeAndre Carter (CLE),2022,WR,LAC,17.0,112.3,6.6,65.0,46.0,,3.0,,211.0,68.0,10.0,3.0
Alec Pierce (IND),2022,WR,IND,16.0,112.3,7.0,78.0,41.0,,2.0,,113.0,78.0,6.0,1.0
Seth Roberts (FA),2015,WR,LV,16.0,112.0,7.0,55.0,32.0,,5.0,,134.0,56.0,11.0,1.0
Seth Roberts (FA),2016,WR,LV,16.0,111.7,7.0,77.0,38.0,,5.0,,198.0,86.0,23.0,6.0
A.J. Green (FA),2020,WR,CIN,16.0,111.3,7.0,104.0,47.0,,2.0,,86.0,104.0,9.0,6.0
A.J. Green (FA),2021,WR,ARI,16.0,111.3,7.0,92.0,54.0,,2.0,,181.0,96.0,18.0,6.0
Marquez Valdes-Scantling (SEA),2018,WR,GB,16.0,111.0,6.9,73.0,38.0,,2.0,,213.0,74.0,9.0,4.0
Brian Hartline (FA),2015,WR,CLE,12.0,110.3,9.2,77.0,46.0,,2.0,,166.0,77.0,13.0,3.0
Olamide Zaccheaus (CHI),2022,WR,ATL,17.0,110.0,6.5,61.0,40.0,,3.0,,193.0,61.0,6.0,1.0
Cecil Shorts (FA),2015,WR,HOU,11.0,109.9,10.0,75.0,42.0,,2.0,,122.0,45.0,6.0,0.0
Chris Hogan (FA),2017,WR,NE,9.0,109.6,12.2,59.0,34.0,,5.0,,209.0,75.0,13.0,6.0
Steven Sims Jr. (SEA),2019,WR,,16.0,109.5,6.8,56.0,34.0,,4.0,,,,,
Josh Doctson (FA),2018,WR,WAS,15.0,109.2,7.3,78.0,44.0,,2.0,,132.0,78.0,8.0,1.0
Anthony Miller (BAL),2020,WR,CHI,16.0,108.7,6.8,76.0,49.0,,2.0,,149.0,79.0,10.0,3.0
Anthony Miller (BAL),2021,WR,,3.0,108.7,6.8,12.0,6.0,,2.0,,10.0,,1.0,1.0
Demarcus Robinson (SF),2020,WR,KC,15.0,107.6,7.2,59.0,45.0,,3.0,,177.0,64.0,8.0,1.0
Demarcus Robinson (SF),2021,WR,KC,15.0,107.6,7.2,41.0,25.0,,3.0,,90.0,50.0,4.0,0.0
Odell Beckham Jr. (FA),2023,WR,,14.0,107.5,7.7,64.0,35.0,,3.0,,,,,
Vincent Jackson (FA),2015,WR,TB,10.0,107.3,10.7,62.0,33.0,,3.0,,103.0,63.0,14.0,4.0
DeMario Douglas (NE),2023,WR,NE,14.0,107.2,7.7,79.0,49.0,,0.0,,336.0,79.0,4.0,2.0
Jerricho Cotchery (FA),2015,WR,CAR,14.0,107.1,7.7,54.0,39.0,,3.0,,222.0,65.0,10.0,1.0
Seth Roberts (FA),2018,WR,LV,15.0,106.9,7.1,64.0,45.0,,2.0,,211.0,64.0,3.0,1.0
Joshua Palmer (BUF),2023,WR,LAC,11.0,106.7,9.7,61.0,38.0,,2.0,,196.0,61.0,9.0,2.0
William Fuller V (FA),2018,WR,,7.0,106.3,15.2,45.0,32.0,,4.0,,,,,
Devin Funchess (FA),2015,WR,CAR,16.0,106.3,6.6,63.0,31.0,,5.0,,119.0,72.0,13.0,5.0
Davante Adams (LAR),2015,WR,GB,13.0,106.3,8.2,94.0,50.0,,1.0,,170.0,100.0,16.0,4.0
Chris Hogan (FA),2018,WR,NE,16.0,106.2,6.6,55.0,35.0,,3.0,,198.0,73.0,10.0,2.0
Michael Gallup (WAS),2022,WR,DAL,14.0,105.4,7.5,74.0,39.0,,4.0,,116.0,83.0,14.0,4.0
Deonte Thompson (FA),2017,WR,BUF,16.0,105.0,6.6,69.0,38.0,,2.0,,106.0,75.0,6.0,0.0
Chase Claypool (FA),2022,WR,PIT,15.0,105.0,7.0,79.0,46.0,,1.0,,149.0,79.0,7.0,2.0
Rondale Moore (MIN),2023,WR,ARI,17.0,105.0,6.2,62.0,40.0,,1.0,,216.0,63.0,7.0,2.0
DeSean Jackson (FA),2015,WR,WAS,9.0,104.8,11.6,49.0,30.0,,4.0,,170.0,54.0,5.0,0.0
Josh Reynolds (NYJ),2022,WR,DET,12.0,103.9,8.7,59.0,38.0,,3.0,,115.0,59.0,13.0,5.0
Demarcus Robinson (SF),2022,WR,BAL,16.0,103.8,6.5,75.0,48.0,,2.0,,165.0,78.0,11.0,1.0
Corey Brown (FA),2015,WR,CAR,14.0,103.5,7.4,54.0,31.0,,4.0,,171.0,73.0,9.0,1.0
DeVante Parker (FA),2022,WR,NE,13.0,102.9,7.9,47.0,31.0,,3.0,,105.0,47.0,4.0,1.0
Allen Lazard (NYJ),2019,WR,GB,16.0,102.8,6.4,52.0,35.0,,3.0,,141.0,56.0,4.0,0.0
Jaron Brown (FA),2017,WR,ARI,16.0,102.7,6.4,69.0,31.0,,4.0,,59.0,56.0,7.0,1.0
Jeremy Maclin (FA),2017,WR,BAL,12.0,102.0,8.5,72.0,40.0,,3.0,,108.0,72.0,4.0,2.0
Noah Brown (WAS),2023,WR,HOU,10.0,101.6,10.2,55.0,33.0,,2.0,,223.0,57.0,9.0,5.0
Auden Tate (FA),2019,WR,CIN,13.0,101.5,7.8,80.0,40.0,,1.0,,134.0,80.0,14.0,4.0
Christian Watson (GB),2023,WR,GB,9.0,101.3,11.3,53.0,28.0,,5.0,,121.0,56.0,14.0,2.0
Demarcus Robinson (SF),2019,WR,KC,16.0,100.9,6.3,55.0,32.0,,4.0,,124.0,61.0,7.0,1.0
Phillip Dorsett II (LV),2019,WR,,14.0,100.8,7.2,54.0,29.0,,5.0,,,,,
Kendrick Bourne (NE),2023,WR,NE,8.0,100.0,12.5,55.0,37.0,,4.0,,203.0,55.0,6.0,2.0
Allen Hurns (FA),2017,WR,JAX,10.0,99.4,9.9,56.0,39.0,,2.0,,206.0,67.0,8.0,2.0
Kalif Raymond (DET),2023,WR,DET,17.0,97.4,5.7,44.0,35.0,,1.0,,214.0,44.0,5.0,0.0
Trent Taylor (SF),2017,WR,SF,15.0,96.0,6.4,60.0,43.0,,2.0,,190.0,61.0,17.0,6.0
Kenny Golladay (FA),2017,WR,DET,11.0,94.6,8.6,48.0,28.0,,3.0,,181.0,49.0,6.0,3.0
