PLAYER,TEAM,PASS ATT,CMP,PASS YDS,PASS TDS,INTS THROWN,RUSH ATT,RUSH YDS,RUSH TDS,FL,FPTS,REC,REC YDS,REC TDS,FG,FGA,XPT,SACKS CAUSED,DEF INTS,FR,FF,DEF,SAFETY,PA,YDS_AGN
Josh Allen,BUF,522.0,334.2,"3,914.4",29.0,10.5,115.7,572.0,10.6,3.4,376.5,0.0,0,0.0,0.0,0.0,0.0,0.0,0.0,0.0,0.0,0.0,0.0,0.0,0
Lamar Jackson,BAL,480.6,320.0,"3,899.6",32.4,8.3,138.5,832.5,4.1,4.5,376.1,0.0,0,0.0,0.0,0.0,0.0,0.0,0.0,0.0,0.0,0.0,0.0,0.0,0
Jalen Hurts,PHI,461.5,311.7,"3,504.4",23.5,8.9,147.2,633.0,12.6,3.9,356.6,0.0,0,0.0,0.0,0.0,0.0,0.0,0.0,0.0,0.0,0.0,0.0,0.0,0
Jayden Daniels,WAS,535.7,364.0,"3,896.1",26.8,10.7,136.6,747.3,5.6,2.5,355.6,0.0,0,0.0,0.0,0.0,0.0,0.0,0.0,0.0,0.0,0.0,0.0,0.0,0
Ja'Marr Chase,CIN,0.0,0.0,0,0.0,0.0,1.6,11.5,0.0,0.6,346.1,119.5,"1,545.6",12.0,0.0,0.0,0.0,0.0,0.0,0.0,0.0,0.0,0.0,0.0,0
Joe Burrow,CIN,629.2,435.4,"4,647.1",36.3,10.5,48.2,180.3,2.1,3.8,343.6,0.0,0,0.0,0.0,0.0,0.0,0.0,0.0,0.0,0.0,0.0,0.0,0.0,0
Patrick Mahomes II,KC,604.9,409.1,"4,228.1",30.0,12.2,76.4,358.4,2.9,2.5,325.0,0.0,0,0.0,0.0,0.0,0.0,0.0,0.0,0.0,0.0,0.0,0.0,0.0,0
Baker Mayfield,TB,558.5,386.9,"4,191.3",33.0,14.7,64.2,287.8,2.6,3.9,321.3,0.0,0,0.0,0.0,0.0,0.0,0.0,0.0,0.0,0.0,0.0,0.0,0.0,0
Jahmyr Gibbs,DET,0.0,0.0,0,0.0,0.0,239.8,"1,244.6",11.7,1.3,315.4,56.6,502.2,2.8,0.0,0.0,0.0,0.0,0.0,0.0,0.0,0.0,0.0,0.0,0
Kyler Murray,ARI,543.2,370.9,"3,854.5",23.9,11.2,88.6,539.1,5.1,3.8,315.2,0.0,0,0.0,0.0,0.0,0.0,0.0,0.0,0.0,0.0,0.0,0.0,0.0,0
Bijan Robinson,ATL,0.0,0.0,0,0.0,0.0,299.3,"1,399.5",11.3,1.4,314.7,55.3,417.7,2.2,0.0,0.0,0.0,0.0,0.0,0.0,0.0,0.0,0.0,0.0,0
Saquon Barkley,PHI,0.0,0.0,0,0.0,0.0,327.8,"1,661.5",10.8,1.4,314.3,41.4,316.1,2.2,0.0,0.0,0.0,0.0,0.0,0.0,0.0,0.0,0.0,0.0,0
Brock Purdy,SF,525.2,351.1,"4,282.6",27.1,12.7,65.2,277.2,3.4,2.9,309.5,0.0,0,0.0,0.0,0.0,0.0,0.0,0.0,0.0,0.0,0.0,0.0,0.0,0
Bo Nix,DEN,560.4,366.4,"3,807.1",27.3,12.1,88.4,420.9,3.5,2.0,308.6,0.0,0,0.0,0.0,0.0,0.0,0.0,0.0,0.0,0.0,0.0,0.0,0.0,0
Justin Jefferson,MIN,0.0,0.0,0,0.0,0.0,0.5,3.6,0.0,0.6,302.2,103.4,"1,444.5",9.2,0.0,0.0,0.0,0.0,0.0,0.0,0.0,0.0,0.0,0.0,0
Justin Fields,NYJ,505.8,314.5,"3,292.2",19.6,11.2,128.0,716.5,6.0,3.8,299.2,0.0,0,0.0,0.0,0.0,0.0,0.0,0.0,0.0,0.0,0.0,0.0,0.0,0
Christian McCaffrey,SF,0.0,0.0,0,0.0,0.0,239.2,"1,085.5",8.1,1.8,296.7,65.1,569.9,3.6,0.0,0.0,0.0,0.0,0.0,0.0,0.0,0.0,0.0,0.0,0
CeeDee Lamb,DAL,0.0,0.0,0,0.0,0.0,9.2,59.3,0.3,1.0,294.4,109.8,"1,328.8",7.7,0.0,0.0,0.0,0.0,0.0,0.0,0.0,0.0,0.0,0.0,0
Jared Goff,DET,554.3,383.6,"4,395.1",31.1,11.5,32.7,68.9,0.6,2.9,293.4,0.0,0,0.0,0.0,0.0,0.0,0.0,0.0,0.0,0.0,0.0,0.0,0.0,0
Puka Nacua,LAR,0.0,0.0,0,0.0,0.0,10.7,61.5,0.6,0.6,291.2,105.7,"1,373.5",6.6,0.0,0.0,0.0,0.0,0.0,0.0,0.0,0.0,0.0,0.0,0
De'Von Achane,MIA,0.0,0.0,0,0.0,0.0,218.7,"1,015.0",7.6,1.3,289.7,69.1,513.8,4.1,0.0,0.0,0.0,0.0,0.0,0.0,0.0,0.0,0.0,0.0,0
Dak Prescott,DAL,600.6,394.9,"4,215.0",27.5,12.0,42.7,175.5,1.9,3.0,289.3,0.0,0,0.0,0.0,0.0,0.0,0.0,0.0,0.0,0.0,0.0,0.0,0.0,0
J.J. McCarthy,MIN,563.9,367.3,"4,038.1",28.2,14.5,55.6,260.5,1.7,3.8,288.5,0.0,0,0.0,0.0,0.0,0.0,0.0,0.0,0.0,0.0,0.0,0.0,0.0,0
Justin Herbert,LAC,534.7,351.3,"3,934.6",25.4,8.4,64.2,272.3,2.6,2.5,288.3,0.0,0,0.0,0.0,0.0,0.0,0.0,0.0,0.0,0.0,0.0,0.0,0.0,0
Amon-Ra St. Brown,DET,0.0,0.0,0,0.0,0.0,1.9,12.6,0.1,0.9,287.0,108.9,"1,249.4",8.9,0.0,0.0,0.0,0.0,0.0,0.0,0.0,0.0,0.0,0.0,0
Caleb Williams,CHI,562.3,357.1,"3,743.8",23.5,10.3,87.4,472.4,2.4,4.5,286.1,0.0,0,0.0,0.0,0.0,0.0,0.0,0.0,0.0,0.0,0.0,0.0,0.0,0
Malik Nabers,NYG,0.0,0.0,0,0.0,0.0,2.6,11.6,0.0,0.6,279.4,104.8,"1,279.1",7.7,0.0,0.0,0.0,0.0,0.0,0.0,0.0,0.0,0.0,0.0,0
Jordan Love,GB,510.7,327.7,"3,918.2",27.9,12.2,40.3,163.5,1.9,2.5,278.6,0.0,0,0.0,0.0,0.0,0.0,0.0,0.0,0.0,0.0,0.0,0.0,0.0,0
C.J. Stroud,HOU,556.6,358.1,"4,033.0",24.8,10.8,59.1,258.1,1.7,3.7,278.2,0.0,0,0.0,0.0,0.0,0.0,0.0,0.0,0.0,0.0,0.0,0.0,0.0,0
Trevor Lawrence,JAC,553.1,354.3,"3,954.3",23.0,13.2,54.8,251.6,3.0,4.1,272.1,0.0,0,0.0,0.0,0.0,0.0,0.0,0.0,0.0,0.0,0.0,0.0,0.0,0
Derrick Henry,BAL,0.0,0.0,0,0.0,0.0,306.1,"1,553.9",13.7,1.4,272.0,16.3,153.9,0.9,0.0,0.0,0.0,0.0,0.0,0.0,0.0,0.0,0.0,0.0,0
Drake Maye,NE,520.3,346.5,"3,536.0",21.6,12.9,75.2,475.2,3.0,4.8,270.8,0.0,0,0.0,0.0,0.0,0.0,0.0,0.0,0.0,0.0,0.0,0.0,0.0,0
Brian Thomas Jr.,JAC,0.0,0.0,0,0.0,0.0,3.8,25.3,0.0,0.6,269.3,90.7,"1,268.8",8.4,0.0,0.0,0.0,0.0,0.0,0.0,0.0,0.0,0.0,0.0,0
Nico Collins,HOU,0.0,0.0,0,0.0,0.0,0.0,1.4,0.0,0.5,267.7,89.4,"1,281.3",8.5,0.0,0.0,0.0,0.0,0.0,0.0,0.0,0.0,0.0,0.0,0
Josh Jacobs,GB,0.0,0.0,0,0.0,0.0,296.8,"1,251.1",11.2,1.5,266.8,37.5,311.2,1.5,0.0,0.0,0.0,0.0,0.0,0.0,0.0,0.0,0.0,0.0,0
Matthew Stafford,LAR,563.9,370.0,"4,097.2",26.4,11.0,30.0,71.2,0.5,2.8,263.0,0.0,0,0.0,0.0,0.0,0.0,0.0,0.0,0.0,0.0,0.0,0.0,0.0,0
Ladd McConkey,LAC,0.0,0.0,0,0.0,0.0,0.0,1.4,0.0,0.7,263.0,93.6,"1,249.0",7.6,0.0,0.0,0.0,0.0,0.0,0.0,0.0,0.0,0.0,0.0,0
Michael Penix Jr.,ATL,542.0,345.1,"3,892.6",23.6,13.2,52.1,196.4,2.1,3.2,262.6,0.0,0,0.0,0.0,0.0,0.0,0.0,0.0,0.0,0.0,0.0,0.0,0.0,0
Ashton Jeanty,LV,0.0,0.0,0,0.0,0.0,273.0,"1,207.8",9.0,2.4,261.7,45.1,355.0,1.9,0.0,0.0,0.0,0.0,0.0,0.0,0.0,0.0,0.0,0.0,0
Geno Smith,LV,569.9,382.4,"3,971.1",21.8,13.7,54.3,237.1,1.7,2.8,260.6,0.0,0,0.0,0.0,0.0,0.0,0.0,0.0,0.0,0.0,0.0,0.0,0.0,0
Tua Tagovailoa,MIA,576.5,400.1,"4,121.6",25.9,12.0,26.8,80.4,0.5,3.6,260.5,0.0,0,0.0,0.0,0.0,0.0,0.0,0.0,0.0,0.0,0.0,0.0,0.0,0
Sam Darnold,SEA,556.9,364.6,"3,931.7",23.4,14.5,57.5,201.5,1.8,3.8,259.6,0.0,0,0.0,0.0,0.0,0.0,0.0,0.0,0.0,0.0,0.0,0.0,0.0,0
Cameron Ward,TEN,520.3,331.9,"3,592.2",21.6,13.9,74.3,330.5,2.4,4.1,255.0,0.0,0,0.0,0.0,0.0,0.0,0.0,0.0,0.0,0.0,0.0,0.0,0.0,0
Drake London,ATL,0.0,0.0,0,0.0,0.0,0.3,2.0,0.0,0.6,254.7,92.7,"1,160.8",7.8,0.0,0.0,0.0,0.0,0.0,0.0,0.0,0.0,0.0,0.0,0
Tyreek Hill,MIA,0.0,0.0,0,0.0,0.0,7.2,33.3,0.1,0.6,253.6,92.1,"1,136.4",7.5,0.0,0.0,0.0,0.0,0.0,0.0,0.0,0.0,0.0,0.0,0
Bryce Young,CAR,550.7,349.3,"3,533.6",20.7,12.2,53.7,297.4,3.1,3.5,253.5,0.0,0,0.0,0.0,0.0,0.0,0.0,0.0,0.0,0.0,0.0,0.0,0.0,0
Bucky Irving,TB,0.0,0.0,0,0.0,0.0,246.6,"1,155.4",8.6,1.4,253.3,44.4,344.4,1.7,0.0,0.0,0.0,0.0,0.0,0.0,0.0,0.0,0.0,0.0,0
Kyren Williams,LAR,0.0,0.0,0,0.0,0.0,283.7,"1,207.6",11.2,2.3,248.5,33.6,213.5,1.7,0.0,0.0,0.0,0.0,0.0,0.0,0.0,0.0,0.0,0.0,0
Brock Bowers,LV,0.0,0.0,0,0.0,0.0,0.0,0,0.0,0.5,248.5,103.3,"1,104.1",5.8,0.0,0.0,0.0,0.0,0.0,0.0,0.0,0.0,0.0,0.0,0
Chase Brown,CIN,0.0,0.0,0,0.0,0.0,231.3,971.3,7.9,1.4,247.9,53.1,370.2,2.7,0.0,0.0,0.0,0.0,0.0,0.0,0.0,0.0,0.0,0.0,0
A.J. Brown,PHI,0.0,0.0,0,0.0,0.0,0.0,0.0,0.0,0.9,247.6,81.0,"1,196.1",8.1,0.0,0.0,0.0,0.0,0.0,0.0,0.0,0.0,0.0,0.0,0
Jonathan Taylor,IND,0.0,0.0,0,0.0,0.0,310.3,"1,399.8",9.9,1.6,247.4,25.5,191.4,1.1,0.0,0.0,0.0,0.0,0.0,0.0,0.0,0.0,0.0,0.0,0
Tee Higgins,CIN,0.0,0.0,0,0.0,0.0,0.0,0.0,0.0,0.9,245.4,85.7,"1,087.8",8.8,0.0,0.0,0.0,0.0,0.0,0.0,0.0,0.0,0.0,0.0,0
Mike Evans,TB,0.0,0.0,0,0.0,0.0,0.0,0.0,0.0,0.5,244.1,79.1,"1,067.7",9.9,0.0,0.0,0.0,0.0,0.0,0.0,0.0,0.0,0.0,0.0,0
Terry McLaurin,WAS,0.0,0.0,0,0.0,0.0,1.1,4.6,0.0,0.9,242.0,82.7,"1,104.3",8.4,0.0,0.0,0.0,0.0,0.0,0.0,0.0,0.0,0.0,0.0,0
Davante Adams,LAR,0.0,0.0,0,0.0,0.0,0.3,0.0,0.0,0.5,242.0,84.8,"1,086.9",8.3,0.0,0.0,0.0,0.0,0.0,0.0,0.0,0.0,0.0,0.0,0
Jaxon Smith-Njigba,SEA,0.0,0.0,0,0.0,0.0,2.6,17.7,0.0,0.6,240.6,92.7,"1,084.8",6.4,0.0,0.0,0.0,0.0,0.0,0.0,0.0,0.0,0.0,0.0,0
Alvin Kamara,NO,0.0,0.0,0,0.0,0.0,215.6,891.4,5.1,1.3,238.6,62.4,469.5,2.0,0.0,0.0,0.0,0.0,0.0,0.0,0.0,0.0,0.0,0.0,0
Breece Hall,NYJ,0.0,0.0,0,0.0,0.0,223.9,"1,008.0",6.1,1.9,238.1,51.0,407.4,2.2,0.0,0.0,0.0,0.0,0.0,0.0,0.0,0.0,0.0,0.0,0
Aaron Rodgers,PIT,543.2,348.3,"3,748.4",22.8,9.7,22.4,80.6,0.4,2.8,236.9,0.0,0,0.0,0.0,0.0,0.0,0.0,0.0,0.0,0.0,0.0,0.0,0.0,0
James Cook,BUF,0.0,0.0,0,0.0,0.0,234.7,"1,074.2",10.0,1.4,233.6,31.6,261.5,1.9,0.0,0.0,0.0,0.0,0.0,0.0,0.0,0.0,0.0,0.0,0
Garrett Wilson,NYJ,0.0,0.0,0,0.0,0.0,1.9,13.3,0.0,1.3,232.0,91.5,"1,064.3",5.9,0.0,0.0,0.0,0.0,0.0,0.0,0.0,0.0,0.0,0.0,0
Trey McBride,ARI,0.0,0.0,0,0.0,0.0,0.0,0,0.0,0.5,230.8,99.2,"1,002.3",5.4,0.0,0.0,0.0,0.0,0.0,0.0,0.0,0.0,0.0,0.0,0
Marvin Harrison Jr.,ARI,0.0,0.0,0,0.0,0.0,0.0,0.0,0.0,1.0,230.7,78.1,"1,083.2",7.7,0.0,0.0,0.0,0.0,0.0,0.0,0.0,0.0,0.0,0.0,0
Kenneth Walker III,SEA,0.0,0.0,0,0.0,0.0,244.8,987.3,8.3,1.3,228.1,43.6,311.8,1.3,0.0,0.0,0.0,0.0,0.0,0.0,0.0,0.0,0.0,0.0,0
DK Metcalf,PIT,0.0,0.0,0,0.0,0.0,0.0,0.0,0.0,1.3,227.4,75.6,"1,109.2",7.2,0.0,0.0,0.0,0.0,0.0,0.0,0.0,0.0,0.0,0.0,0
DJ Moore,CHI,0.0,0.0,0,0.0,0.0,9.5,53.3,0.1,0.9,227.4,86.9,"1,000.0",6.0,0.0,0.0,0.0,0.0,0.0,0.0,0.0,0.0,0.0,0.0,0
James Conner,ARI,0.0,0.0,0,0.0,0.0,224.3,"1,015.0",8.1,1.5,227.3,40.4,308.3,1.5,0.0,0.0,0.0,0.0,0.0,0.0,0.0,0.0,0.0,0.0,0
George Kittle,SF,0.0,0.0,0,0.0,0.0,0.0,0,0.0,0.5,223.4,75.9,"1,036.9",7.5,0.0,0.0,0.0,0.0,0.0,0.0,0.0,0.0,0.0,0.0,0
Courtland Sutton,DEN,0.0,0.0,0,0.0,0.0,0.0,0.2,0.0,0.9,219.2,75.9,"1,006.5",7.4,0.0,0.0,0.0,0.0,0.0,0.0,0.0,0.0,0.0,0.0,0
Zay Flowers,BAL,0.0,0.0,0,0.0,0.0,8.2,48.4,0.1,0.5,219.2,74.7,"1,022.9",6.3,0.0,0.0,0.0,0.0,0.0,0.0,0.0,0.0,0.0,0.0,0
Omarion Hampton,LAC,0.0,0.0,0,0.0,0.0,213.3,940.5,8.1,1.7,216.7,38.6,292.5,1.6,0.0,0.0,0.0,0.0,0.0,0.0,0.0,0.0,0.0,0.0,0
DeVonta Smith,PHI,0.0,0.0,0,0.0,0.0,0.3,1.2,0.0,0.5,214.9,79.1,963.8,6.7,0.0,0.0,0.0,0.0,0.0,0.0,0.0,0.0,0.0,0.0,0
Chuba Hubbard,CAR,0.0,0.0,0,0.0,0.0,238.7,"1,059.0",7.5,1.8,213.9,37.4,227.6,1.1,0.0,0.0,0.0,0.0,0.0,0.0,0.0,0.0,0.0,0.0,0
Aaron Jones Sr.,MIN,0.0,0.0,0,0.0,0.0,209.7,944.0,4.8,1.8,213.8,45.6,344.0,2.4,0.0,0.0,0.0,0.0,0.0,0.0,0.0,0.0,0.0,0.0,0
Xavier Worthy,KC,0.0,0.0,0,0.0,0.0,15.7,84.5,1.3,0.5,213.4,69.8,859.9,7.1,0.0,0.0,0.0,0.0,0.0,0.0,0.0,0.0,0.0,0.0,0
Jerry Jeudy,CLE,0.0,0.0,0,0.0,0.0,0.3,2.2,0.0,0.6,211.3,80.0,"1,076.8",4.1,0.0,0.0,0.0,0.0,0.0,0.0,0.0,0.0,0.0,0.0,0
Calvin Ridley,TEN,0.0,0.0,0,0.0,0.0,5.6,36.0,0.3,0.9,210.0,69.5,"1,010.9",6.0,0.0,0.0,0.0,0.0,0.0,0.0,0.0,0.0,0.0,0.0,0
Jakobi Meyers,LV,0.0,0.0,0,0.0,0.0,1.2,9.1,0.0,0.5,208.6,81.3,954.2,5.3,0.0,0.0,0.0,0.0,0.0,0.0,0.0,0.0,0.0,0.0,0
Anthony Richardson Sr.,IND,355.5,197.7,"2,314.2",13.6,10.8,98.7,484.4,4.7,3.2,206.6,0.0,0,0.0,0.0,0.0,0.0,0.0,0.0,0.0,0.0,0.0,0.0,0.0,0
D'Andre Swift,CHI,0.0,0.0,0,0.0,0.0,238.8,967.3,6.1,1.1,204.6,37.1,286.1,1.3,0.0,0.0,0.0,0.0,0.0,0.0,0.0,0.0,0.0,0.0,0
Joe Mixon,HOU,0.0,0.0,0,0.0,0.0,226.3,878.1,8.0,0.9,204.5,34.8,272.1,1.4,0.0,0.0,0.0,0.0,0.0,0.0,0.0,0.0,0.0,0.0,0
Jaylen Waddle,MIA,0.0,0.0,0,0.0,0.0,2.5,11.3,0.1,0.5,201.2,75.0,964.4,4.9,0.0,0.0,0.0,0.0,0.0,0.0,0.0,0.0,0.0,0.0,0
Jameson Williams,DET,0.0,0.0,0,0.0,0.0,7.4,64.2,0.8,0.5,200.6,59.2,954.7,6.0,0.0,0.0,0.0,0.0,0.0,0.0,0.0,0.0,0.0,0.0,0
George Pickens,DAL,0.0,0.0,0,0.0,0.0,1.0,6.2,0.0,0.9,200.4,66.6,985.6,6.1,0.0,0.0,0.0,0.0,0.0,0.0,0.0,0.0,0.0,0.0,0
Chris Godwin,TB,0.0,0.0,0,0.0,0.0,1.2,6.1,0.0,0.6,199.3,76.5,882.8,5.8,0.0,0.0,0.0,0.0,0.0,0.0,0.0,0.0,0.0,0.0,0
Jauan Jennings,SF,0.0,0.0,0,0.0,0.0,3.6,14.7,0.1,0.6,198.8,70.7,931.4,5.7,0.0,0.0,0.0,0.0,0.0,0.0,0.0,0.0,0.0,0.0,0
Tetairoa McMillan,CAR,0.0,0.0,0,0.0,0.0,0.7,9.3,0.0,1.2,196.8,72.8,938.7,5.3,0.0,0.0,0.0,0.0,0.0,0.0,0.0,0.0,0.0,0.0,0
Russell Wilson,NYG,435.3,277.9,"2,882.0",15.6,8.3,52.6,214.1,1.9,2.6,196.6,0.0,0,0.0,0.0,0.0,0.0,0.0,0.0,0.0,0.0,0.0,0.0,0.0,0
David Montgomery,DET,0.0,0.0,0,0.0,0.0,196.5,821.0,9.2,1.0,195.9,30.3,249.2,0.9,0.0,0.0,0.0,0.0,0.0,0.0,0.0,0.0,0.0,0.0,0
Deebo Samuel Sr.,WAS,0.0,0.0,0,0.0,0.0,30.1,132.4,1.2,1.0,195.3,64.6,814.7,5.1,0.0,0.0,0.0,0.0,0.0,0.0,0.0,0.0,0.0,0.0,0
Rashee Rice,KC,0.0,0.0,0,0.0,0.0,1.5,4.1,0.0,0.6,194.5,73.6,855.8,6.0,0.0,0.0,0.0,0.0,0.0,0.0,0.0,0.0,0.0,0.0,0
Tony Pollard,TEN,0.0,0.0,0,0.0,0.0,227.5,958.5,5.2,1.0,193.1,38.4,244.9,0.9,0.0,0.0,0.0,0.0,0.0,0.0,0.0,0.0,0.0,0.0,0
Stefon Diggs,NE,0.0,0.0,0,0.0,0.0,1.3,5.9,0.2,0.5,192.2,77.2,845.2,4.9,0.0,0.0,0.0,0.0,0.0,0.0,0.0,0.0,0.0,0.0,0
Chris Olave,NO,0.0,0.0,0,0.0,0.0,0.3,2.8,0.0,1.3,190.1,74.2,918.9,4.4,0.0,0.0,0.0,0.0,0.0,0.0,0.0,0.0,0.0,0.0,0
Travis Hunter,JAC,0.0,0.0,0,0.0,0.0,3.8,21.8,0.1,0.8,189.4,68.2,885.5,5.3,0.0,0.0,0.0,0.0,0.0,0.0,0.0,0.0,0.0,0.0,0
Travis Kelce,KC,0.0,0.0,0,0.0,0.0,0.0,0,0.0,0.9,188.4,81.4,768.6,5.3,0.0,0.0,0.0,0.0,0.0,0.0,0.0,0.0,0.0,0.0,0
Tyler Shough,NO,425.0,265.1,"2,777.6",15.5,11.1,46.8,219.2,1.7,3.0,188.0,0.0,0,0.0,0.0,0.0,0.0,0.0,0.0,0.0,0.0,0.0,0.0,0.0,0
Rome Odunze,CHI,0.0,0.0,0,0.0,0.0,1.3,8.0,0.0,0.9,187.7,66.7,893.2,5.4,0.0,0.0,0.0,0.0,0.0,0.0,0.0,0.0,0.0,0.0,0
Jayden Reed,GB,0.0,0.0,0,0.0,0.0,12.0,95.3,0.7,0.9,184.8,58.9,790.1,5.8,0.0,0.0,0.0,0.0,0.0,0.0,0.0,0.0,0.0,0.0,0
Cooper Kupp,SEA,0.0,0.0,0,0.0,0.0,1.3,7.7,0.0,0.6,184.5,72.4,805.7,5.3,0.0,0.0,0.0,0.0,0.0,0.0,0.0,0.0,0.0,0.0,0
Sam LaPorta,DET,0.0,0.0,0,0.0,0.0,0.0,0,0.0,0.4,184.4,68.2,770.3,6.7,0.0,0.0,0.0,0.0,0.0,0.0,0.0,0.0,0.0,0.0,0
Jordan Addison,MIN,0.0,0.0,0,0.0,0.0,1.6,12.1,0.3,0.5,184.0,63.0,824.4,6.1,0.0,0.0,0.0,0.0,0.0,0.0,0.0,0.0,0.0,0.0,0
TreVeyon Henderson,NE,0.0,0.0,0,0.0,0.0,202.7,897.4,5.5,1.7,183.4,31.8,245.2,1.3,0.0,0.0,0.0,0.0,0.0,0.0,0.0,0.0,0.0,0.0,0
T.J. Hockenson,MIN,0.0,0.0,0,0.0,0.0,0.0,0,0.0,0.5,179.6,73.9,783.0,4.7,0.0,0.0,0.0,0.0,0.0,0.0,0.0,0.0,0.0,0.0,0
Khalil Shakir,BUF,0.0,0.0,0,0.0,0.0,0.3,3.0,0.0,0.6,179.6,70.9,804.5,4.8,0.0,0.0,0.0,0.0,0.0,0.0,0.0,0.0,0.0,0.0,0
Isiah Pacheco,KC,0.0,0.0,0,0.0,0.0,203.5,841.7,5.7,1.0,179.4,33.3,230.3,1.1,0.0,0.0,0.0,0.0,0.0,0.0,0.0,0.0,0.0,0.0,0
Michael Pittman Jr.,IND,0.0,0.0,0,0.0,0.0,0.0,1.8,0.0,0.9,179.3,72.0,853.0,4.0,0.0,0.0,0.0,0.0,0.0,0.0,0.0,0.0,0.0,0.0,0
Matthew Golden,GB,0.0,0.0,0,0.0,0.0,0.7,10.0,0.0,0.8,178.8,60.2,848.9,5.7,0.0,0.0,0.0,0.0,0.0,0.0,0.0,0.0,0.0,0.0,0
Tyrone Tracy Jr.,NYG,0.0,0.0,0,0.0,0.0,189.9,808.4,5.1,1.6,178.0,35.6,269.6,1.2,0.0,0.0,0.0,0.0,0.0,0.0,0.0,0.0,0.0,0.0,0
David Njoku,CLE,0.0,0.0,0,0.0,0.0,0.0,0,0.0,0.8,176.6,76.1,730.4,4.9,0.0,0.0,0.0,0.0,0.0,0.0,0.0,0.0,0.0,0.0,0
Mark Andrews,BAL,0.0,0.0,0,0.0,0.0,0.0,0,0.0,0.8,176.5,59.7,716.5,7.8,0.0,0.0,0.0,0.0,0.0,0.0,0.0,0.0,0.0,0.0,0
Kaleb Johnson,PIT,0.0,0.0,0,0.0,0.0,212.5,887.6,6.4,1.7,176.0,25.9,197.5,1.1,0.0,0.0,0.0,0.0,0.0,0.0,0.0,0.0,0.0,0.0,0
Brian Robinson Jr.,WAS,0.0,0.0,0,0.0,0.0,205.3,832.5,7.2,1.4,174.7,25.3,195.1,1.1,0.0,0.0,0.0,0.0,0.0,0.0,0.0,0.0,0.0,0.0,0
Darnell Mooney,ATL,0.0,0.0,0,0.0,0.0,0.0,1.2,0.0,0.5,173.2,60.2,846.6,4.9,0.0,0.0,0.0,0.0,0.0,0.0,0.0,0.0,0.0,0.0,0
Ricky Pearsall,SF,0.0,0.0,0,0.0,0.0,7.0,50.0,0.3,0.6,172.7,58.2,789.7,5.0,0.0,0.0,0.0,0.0,0.0,0.0,0.0,0.0,0.0,0.0,0
Rashid Shaheed,NO,0.0,0.0,0,0.0,0.0,7.3,44.6,0.1,1.3,170.3,56.4,845.8,4.5,0.0,0.0,0.0,0.0,0.0,0.0,0.0,0.0,0.0,0.0,0
Keon Coleman,BUF,0.0,0.0,0,0.0,0.0,0.3,3.8,0.0,0.5,169.1,52.3,822.9,5.9,0.0,0.0,0.0,0.0,0.0,0.0,0.0,0.0,0.0,0.0,0
Jaylen Warren,PIT,0.0,0.0,0,0.0,0.0,135.2,628.6,3.5,1.0,166.4,45.5,332.0,1.0,0.0,0.0,0.0,0.0,0.0,0.0,0.0,0.0,0.0,0.0,0
RJ Harvey,DEN,0.0,0.0,0,0.0,0.0,164.6,738.6,4.9,1.0,164.8,31.1,238.7,1.4,0.0,0.0,0.0,0.0,0.0,0.0,0.0,0.0,0.0,0.0,0
Josh Downs,IND,0.0,0.0,0,0.0,0.0,0.3,4.0,0.0,0.5,163.7,63.8,746.0,4.3,0.0,0.0,0.0,0.0,0.0,0.0,0.0,0.0,0.0,0.0,0
Javonte Williams,DAL,0.0,0.0,0,0.0,0.0,185.2,674.9,4.5,1.0,163.0,38.7,249.8,1.2,0.0,0.0,0.0,0.0,0.0,0.0,0.0,0.0,0.0,0.0,0
Marvin Mims Jr.,DEN,0.0,0.0,0,0.0,0.0,11.9,58.9,0.4,0.6,161.3,52.4,696.6,5.4,0.0,0.0,0.0,0.0,0.0,0.0,0.0,0.0,0.0,0.0,0
Marquise Brown,KC,0.0,0.0,0,0.0,0.0,0.3,1.6,0.0,0.2,159.8,59.5,720.7,4.7,0.0,0.0,0.0,0.0,0.0,0.0,0.0,0.0,0.0,0.0,0
Adam Thielen,CAR,0.0,0.0,0,0.0,0.0,0.0,1.8,0.0,0.5,158.1,64.1,683.4,4.4,0.0,0.0,0.0,0.0,0.0,0.0,0.0,0.0,0.0,0.0,0
Austin Ekeler,WAS,0.0,0.0,0,0.0,0.0,100.2,431.8,4.2,1.0,155.0,43.4,357.0,1.6,0.0,0.0,0.0,0.0,0.0,0.0,0.0,0.0,0.0,0.0,0
Tre' Harris,LAC,0.0,0.0,0,0.0,0.0,0.7,3.5,0.0,1.1,153.6,55.1,740.8,4.4,0.0,0.0,0.0,0.0,0.0,0.0,0.0,0.0,0.0,0.0,0
Brandon Aiyuk,SF,0.0,0.0,0,0.0,0.0,0.0,1.7,0.0,0.4,153.2,51.9,785.4,3.9,0.0,0.0,0.0,0.0,0.0,0.0,0.0,0.0,0.0,0.0,0
Quentin Johnston,LAC,0.0,0.0,0,0.0,0.0,1.7,6.7,0.0,0.5,152.2,50.8,682.2,5.5,0.0,0.0,0.0,0.0,0.0,0.0,0.0,0.0,0.0,0.0,0
Jake Ferguson,DAL,0.0,0.0,0,0.0,0.0,0.0,0,0.0,1.2,151.7,67.9,630.2,3.9,0.0,0.0,0.0,0.0,0.0,0.0,0.0,0.0,0.0,0.0,0
Evan Engram,DEN,0.0,0.0,0,0.0,0.0,0.0,0,0.0,0.9,151.0,68.3,607.2,4.0,0.0,0.0,0.0,0.0,0.0,0.0,0.0,0.0,0.0,0.0,0
Travis Etienne Jr.,JAC,0.0,0.0,0,0.0,0.0,147.9,600.5,3.8,0.9,149.6,35.6,263.9,1.1,0.0,0.0,0.0,0.0,0.0,0.0,0.0,0.0,0.0,0.0,0
Wan'Dale Robinson,NYG,0.0,0.0,0,0.0,0.0,2.0,13.8,0.0,0.5,149.3,68.1,616.9,3.2,0.0,0.0,0.0,0.0,0.0,0.0,0.0,0.0,0.0,0.0,0
J.K. Dobbins,DEN,0.0,0.0,0,0.0,0.0,157.9,683.6,5.2,1.2,149.1,27.8,176.5,1.0,0.0,0.0,0.0,0.0,0.0,0.0,0.0,0.0,0.0,0.0,0
Emeka Egbuka,TB,0.0,0.0,0,0.0,0.0,3.2,14.8,0.1,1.1,148.7,51.9,688.6,4.7,0.0,0.0,0.0,0.0,0.0,0.0,0.0,0.0,0.0,0.0,0
Tyler Warren,IND,0.0,0.0,0,0.0,0.0,0.0,0,0.0,1.1,147.7,58.4,649.0,4.3,0.0,0.0,0.0,0.0,0.0,0.0,0.0,0.0,0.0,0.0,0
Xavier Legette,CAR,0.0,0.0,0,0.0,0.0,6.2,29.2,0.1,0.5,147.7,56.6,643.1,4.0,0.0,0.0,0.0,0.0,0.0,0.0,0.0,0.0,0.0,0.0,0
Rashod Bateman,BAL,0.0,0.0,0,0.0,0.0,0.0,0.6,0.0,0.1,147.3,45.4,687.9,5.5,0.0,0.0,0.0,0.0,0.0,0.0,0.0,0.0,0.0,0.0,0
Dallas Goedert,PHI,0.0,0.0,0,0.0,0.0,0.0,0,0.0,0.5,146.5,58.5,649.2,4.0,0.0,0.0,0.0,0.0,0.0,0.0,0.0,0.0,0.0,0.0,0
Christian Kirk,HOU,0.0,0.0,0,0.0,0.0,0.7,3.0,0.0,0.8,146.1,55.2,705.7,3.6,0.0,0.0,0.0,0.0,0.0,0.0,0.0,0.0,0.0,0.0,0
Tucker Kraft,GB,0.0,0.0,0,0.0,0.0,0.0,0,0.0,0.8,145.0,54.4,646.2,4.6,0.0,0.0,0.0,0.0,0.0,0.0,0.0,0.0,0.0,0.0,0
Quinshon Judkins,CLE,0.0,0.0,0,0.0,0.0,179.0,725.7,4.6,1.2,143.3,22.9,171.3,0.9,0.0,0.0,0.0,0.0,0.0,0.0,0.0,0.0,0.0,0.0,0
Rachaad White,TB,0.0,0.0,0,0.0,0.0,110.9,451.1,2.8,1.3,142.3,39.8,300.1,2.2,0.0,0.0,0.0,0.0,0.0,0.0,0.0,0.0,0.0,0.0,0
Brandon Aubrey,DAL,0.0,0.0,0,0.0,0.0,0.0,0,0.0,0.0,141.6,0.0,0,0.0,33.5,37.3,41.2,0.0,0.0,0.0,0.0,0.0,0.0,0.0,0
Rhamondre Stevenson,NE,0.0,0.0,0,0.0,0.0,156.8,636.7,4.8,1.5,140.7,27.6,173.9,1.1,0.0,0.0,0.0,0.0,0.0,0.0,0.0,0.0,0.0,0.0,0
Colston Loveland,CHI,0.0,0.0,0,0.0,0.0,0.0,0,0.0,0.8,140.5,56.7,602.0,4.2,0.0,0.0,0.0,0.0,0.0,0.0,0.0,0.0,0.0,0.0,0
Zach Ertz,WAS,0.0,0.0,0,0.0,0.0,0.0,0,0.0,0.1,140.2,57.2,531.5,5.0,0.0,0.0,0.0,0.0,0.0,0.0,0.0,0.0,0.0,0.0,0
Dalton Kincaid,BUF,0.0,0.0,0,0.0,0.0,0.0,0,0.0,0.5,138.6,56.7,598.4,3.8,0.0,0.0,0.0,0.0,0.0,0.0,0.0,0.0,0.0,0.0,0
Najee Harris,LAC,0.0,0.0,0,0.0,0.0,156.9,617.4,5.3,0.8,138.5,23.9,172.3,0.9,0.0,0.0,0.0,0.0,0.0,0.0,0.0,0.0,0.0,0.0,0
Matt Gay,WAS,0.0,0.0,0,0.0,0.0,0.0,0,0.0,0.0,137.1,0.0,0,0.0,29.9,35.3,47.3,0.0,0.0,0.0,0.0,0.0,0.0,0.0,0
Cedric Tillman,CLE,0.0,0.0,0,0.0,0.0,0.7,0.3,0.0,0.9,136.9,51.9,648.8,3.6,0.0,0.0,0.0,0.0,0.0,0.0,0.0,0.0,0.0,0.0,0
Chase McLaughlin,TB,0.0,0.0,0,0.0,0.0,0.0,0,0.0,0.0,136.4,0.0,0,0.0,30.1,32.6,46.1,0.0,0.0,0.0,0.0,0.0,0.0,0.0,0
Zach Charbonnet,SEA,0.0,0.0,0,0.0,0.0,117.8,505.5,4.0,0.8,135.6,32.8,240.6,0.9,0.0,0.0,0.0,0.0,0.0,0.0,0.0,0.0,0.0,0.0,0
Cam Skattebo,NYG,0.0,0.0,0,0.0,0.0,136.9,581.9,4.0,1.3,135.1,27.9,213.2,1.1,0.0,0.0,0.0,0.0,0.0,0.0,0.0,0.0,0.0,0.0,0
Luther Burden III,CHI,0.0,0.0,0,0.0,0.0,3.7,26.1,0.4,1.1,134.9,50.4,609.2,3.5,0.0,0.0,0.0,0.0,0.0,0.0,0.0,0.0,0.0,0.0,0
Jake Elliott,PHI,0.0,0.0,0,0.0,0.0,0.0,0,0.0,0.0,134.1,0.0,0,0.0,29.3,34.2,46.2,0.0,0.0,0.0,0.0,0.0,0.0,0.0,0
Jayden Higgins,HOU,0.0,0.0,0,0.0,0.0,0.7,2.5,0.0,0.5,133.9,47.7,629.5,4.0,0.0,0.0,0.0,0.0,0.0,0.0,0.0,0.0,0.0,0.0,0
Hunter Henry,NE,0.0,0.0,0,0.0,0.0,0.0,0,0.0,0.4,133.9,55.4,574.4,3.6,0.0,0.0,0.0,0.0,0.0,0.0,0.0,0.0,0.0,0.0,0
Jason Sanders,MIA,0.0,0.0,0,0.0,0.0,0.0,0,0.0,0.0,133.4,0.0,0,0.0,31.0,35.0,40.3,0.0,0.0,0.0,0.0,0.0,0.0,0.0,0
Tyjae Spears,TEN,0.0,0.0,0,0.0,0.0,124.6,498.2,3.7,0.9,133.4,32.8,245.1,1.0,0.0,0.0,0.0,0.0,0.0,0.0,0.0,0.0,0.0,0.0,0
Cameron Dicker,LAC,0.0,0.0,0,0.0,0.0,0.0,0,0.0,0.0,132.7,0.0,0,0.0,31.5,34.3,38.1,0.0,0.0,0.0,0.0,0.0,0.0,0.0,0
Cade Otton,TB,0.0,0.0,0,0.0,0.0,0.0,0,0.0,0.5,132.3,53.8,550.1,4.1,0.0,0.0,0.0,0.0,0.0,0.0,0.0,0.0,0.0,0.0,0
Tyler Bass,BUF,0.0,0.0,0,0.0,0.0,0.0,0,0.0,0.0,132.2,0.0,0,0.0,27.0,32.9,51.1,0.0,0.0,0.0,0.0,0.0,0.0,0.0,0
DeMario Douglas,NE,0.0,0.0,0,0.0,0.0,2.1,15.7,0.0,0.2,130.3,54.6,575.0,2.8,0.0,0.0,0.0,0.0,0.0,0.0,0.0,0.0,0.0,0.0,0
Jack Bech,LV,0.0,0.0,0,0.0,0.0,1.0,2.7,0.0,0.8,129.8,49.5,618.4,3.3,0.0,0.0,0.0,0.0,0.0,0.0,0.0,0.0,0.0,0.0,0
Kyle Pitts Sr.,ATL,0.0,0.0,0,0.0,0.0,0.0,0,0.0,0.1,129.7,47.7,602.0,3.7,0.0,0.0,0.0,0.0,0.0,0.0,0.0,0.0,0.0,0.0,0
Tyler Loop,BAL,0.0,0.0,0,0.0,0.0,0.0,0,0.0,0.0,129.6,0.0,0,0.0,27.4,32.5,47.5,0.0,0.0,0.0,0.0,0.0,0.0,0.0,0
Evan McPherson,CIN,0.0,0.0,0,0.0,0.0,0.0,0,0.0,0.0,129.5,0.0,0,0.0,27.4,33.6,47.2,0.0,0.0,0.0,0.0,0.0,0.0,0.0,0
Jake Bates,DET,0.0,0.0,0,0.0,0.0,0.0,0,0.0,0.0,129.0,0.0,0,0.0,26.9,30.3,48.4,0.0,0.0,0.0,0.0,0.0,0.0,0.0,0
Darren Waller,MIA,0.0,0.0,0,0.0,0.0,0.0,0,0.0,0.1,128.8,51.6,572.0,3.4,0.0,0.0,0.0,0.0,0.0,0.0,0.0,0.0,0.0,0.0,0
Ka'imi Fairbairn,HOU,0.0,0.0,0,0.0,0.0,0.0,0,0.0,0.0,128.4,0.0,0,0.0,30.7,34.7,36.5,0.0,0.0,0.0,0.0,0.0,0.0,0.0,0
Harrison Butker,KC,0.0,0.0,0,0.0,0.0,0.0,0,0.0,0.0,128.3,0.0,0,0.0,28.7,33.3,42.3,0.0,0.0,0.0,0.0,0.0,0.0,0.0,0
Brenton Strange,JAC,0.0,0.0,0,0.0,0.0,0.0,0,0.0,0.5,127.4,54.6,540.1,3.3,0.0,0.0,0.0,0.0,0.0,0.0,0.0,0.0,0.0,0.0,0
Brandon McManus,GB,0.0,0.0,0,0.0,0.0,0.0,0,0.0,0.0,127.3,0.0,0,0.0,27.7,32.3,44.3,0.0,0.0,0.0,0.0,0.0,0.0,0.0,0
Jordan Mason,MIN,0.0,0.0,0,0.0,0.0,154.0,709.5,4.3,0.7,126.9,16.2,120.6,0.5,0.0,0.0,0.0,0.0,0.0,0.0,0.0,0.0,0.0,0.0,0
Mike Gesicki,CIN,0.0,0.0,0,0.0,0.0,0.0,0,0.0,0.4,126.8,53.4,528.5,3.6,0.0,0.0,0.0,0.0,0.0,0.0,0.0,0.0,0.0,0.0,0
Tyler Lockett,TEN,0.0,0.0,0,0.0,0.0,0.0,0.0,0.0,0.1,126.5,48.8,569.9,3.5,0.0,0.0,0.0,0.0,0.0,0.0,0.0,0.0,0.0,0.0,0
Younghoe Koo,ATL,0.0,0.0,0,0.0,0.0,0.0,0,0.0,0.0,126.2,0.0,0,0.0,28.0,34.4,42.2,0.0,0.0,0.0,0.0,0.0,0.0,0.0,0
Chris Boswell,PIT,0.0,0.0,0,0.0,0.0,0.0,0,0.0,0.0,126.0,0.0,0,0.0,30.2,33.7,35.4,0.0,0.0,0.0,0.0,0.0,0.0,0.0,0
Romeo Doubs,GB,0.0,0.0,0,0.0,0.0,0.0,0.5,0.0,0.5,125.9,44.5,567.9,4.3,0.0,0.0,0.0,0.0,0.0,0.0,0.0,0.0,0.0,0.0,0
Jerome Ford,CLE,0.0,0.0,0,0.0,0.0,128.9,539.8,2.9,0.8,125.0,29.4,200.1,0.9,0.0,0.0,0.0,0.0,0.0,0.0,0.0,0.0,0.0,0.0,0
Jonnu Smith,PIT,0.0,0.0,0,0.0,0.0,0.0,0,0.0,0.9,124.9,50.2,524.8,4.0,0.0,0.0,0.0,0.0,0.0,0.0,0.0,0.0,0.0,0.0,0
Wil Lutz,DEN,0.0,0.0,0,0.0,0.0,0.0,0,0.0,0.0,124.7,0.0,0,0.0,28.4,32.3,39.6,0.0,0.0,0.0,0.0,0.0,0.0,0.0,0
Joshua Karty,LAR,0.0,0.0,0,0.0,0.0,0.0,0,0.0,0.0,124.6,0.0,0,0.0,28.7,34.0,38.6,0.0,0.0,0.0,0.0,0.0,0.0,0.0,0
Will Reichard,MIN,0.0,0.0,0,0.0,0.0,0.0,0,0.0,0.0,124.5,0.0,0,0.0,28.0,33.4,40.5,0.0,0.0,0.0,0.0,0.0,0.0,0.0,0
Jake Moody,SF,0.0,0.0,0,0.0,0.0,0.0,0,0.0,0.0,123.5,0.0,0,0.0,27.7,34.7,40.3,0.0,0.0,0.0,0.0,0.0,0.0,0.0,0
Chad Ryland,ARI,0.0,0.0,0,0.0,0.0,0.0,0,0.0,0.0,123.1,0.0,0,0.0,28.1,33.3,38.9,0.0,0.0,0.0,0.0,0.0,0.0,0.0,0
Michael Wilson,ARI,0.0,0.0,0,0.0,0.0,1.9,7.7,0.1,0.5,122.4,44.6,547.1,3.8,0.0,0.0,0.0,0.0,0.0,0.0,0.0,0.0,0.0,0.0,0
Kyle Williams,NE,0.0,0.0,0,0.0,0.0,2.1,8.7,0.0,0.4,122.0,43.9,576.4,3.4,0.0,0.0,0.0,0.0,0.0,0.0,0.0,0.0,0.0,0.0,0
Joshua Palmer,BUF,0.0,0.0,0,0.0,0.0,0.0,0.5,0.0,0.1,121.5,42.5,579.7,3.5,0.0,0.0,0.0,0.0,0.0,0.0,0.0,0.0,0.0,0.0,0
Daniel Carlson,LV,0.0,0.0,0,0.0,0.0,0.0,0,0.0,0.0,121.3,0.0,0,0.0,29.6,34.1,32.6,0.0,0.0,0.0,0.0,0.0,0.0,0.0,0
Tank Bigsby,JAC,0.0,0.0,0,0.0,0.0,162.0,645.6,4.8,1.2,121.1,16.0,116.4,0.4,0.0,0.0,0.0,0.0,0.0,0.0,0.0,0.0,0.0,0.0,0
Dalton Schultz,HOU,0.0,0.0,0,0.0,0.0,0.0,0,0.0,0.4,119.4,49.9,516.6,3.1,0.0,0.0,0.0,0.0,0.0,0.0,0.0,0.0,0.0,0.0,0
Isaiah Likely,BAL,0.0,0.0,0,0.0,0.0,0.0,0,0.0,0.7,118.8,41.9,495.0,4.8,0.0,0.0,0.0,0.0,0.0,0.0,0.0,0.0,0.0,0.0,0
Cam Little,JAC,0.0,0.0,0,0.0,0.0,0.0,0,0.0,0.0,118.4,0.0,0,0.0,27.3,30.7,36.3,0.0,0.0,0.0,0.0,0.0,0.0,0.0,0
Chig Okonkwo,TEN,0.0,0.0,0,0.0,0.0,0.0,0,0.0,0.8,117.5,51.6,509.5,2.7,0.0,0.0,0.0,0.0,0.0,0.0,0.0,0.0,0.0,0.0,0
Juwan Johnson,NO,0.0,0.0,0,0.0,0.0,0.0,0,0.0,0.2,116.5,47.7,493.8,3.3,0.0,0.0,0.0,0.0,0.0,0.0,0.0,0.0,0.0,0.0,0
Buffalo Bills,,0.0,0.0,0,0.0,0.0,0.0,0,0.0,0.0,116.4,0.0,0,0.0,0.0,0.0,0.0,45.5,14.0,12.8,21.2,2.7,0.5,343.8,"5,799.3"
Jason Myers,SEA,0.0,0.0,0,0.0,0.0,0.0,0,0.0,0.0,116.2,0.0,0,0.0,27.4,31.1,34.1,0.0,0.0,0.0,0.0,0.0,0.0,0.0,0
Denver Broncos,,0.0,0.0,0,0.0,0.0,0.0,0,0.0,0.0,116.0,0.0,0,0.0,0.0,0.0,0.0,52.0,12.6,11.1,15.7,2.6,0.5,341.9,"5,419.6"
Cairo Santos,CHI,0.0,0.0,0,0.0,0.0,0.0,0,0.0,0.0,116.0,0.0,0,0.0,26.3,30.7,36.9,0.0,0.0,0.0,0.0,0.0,0.0,0.0,0
Ryan Fitzgerald,CAR,0.0,0.0,0,0.0,0.0,0.0,0,0.0,0.0,115.5,0.0,0,0.0,27.6,33.2,32.8,0.0,0.0,0.0,0.0,0.0,0.0,0.0,0
Calvin Austin III,PIT,0.0,0.0,0,0.0,0.0,2.3,11.8,0.1,0.5,115.5,39.3,539.0,3.6,0.0,0.0,0.0,0.0,0.0,0.0,0.0,0.0,0.0,0.0,0
Philadelphia Eagles,,0.0,0.0,0,0.0,0.0,0.0,0,0.0,0.0,115.5,0.0,0,0.0,0.0,0.0,0.0,45.5,13.5,13.3,22.6,2.7,0.0,344.3,"5,518.8"
Dylan Sampson,CLE,0.0,0.0,0,0.0,0.0,125.9,502.4,2.8,0.8,115.4,25.0,192.3,1.0,0.0,0.0,0.0,0.0,0.0,0.0,0.0,0.0,0.0,0.0,0
Houston Texans,,0.0,0.0,0,0.0,0.0,0.0,0,0.0,0.0,115.4,0.0,0,0.0,0.0,0.0,0.0,47.5,15.4,10.0,14.1,2.7,0.5,348.3,"5,456.7"
Baltimore Ravens,,0.0,0.0,0,0.0,0.0,0.0,0,0.0,0.0,114.5,0.0,0,0.0,0.0,0.0,0.0,52.4,13.9,9.7,13.7,2.3,0.5,340.6,"5,344.8"
Pat Freiermuth,PIT,0.0,0.0,0,0.0,0.0,0.0,0,0.0,0.9,113.9,48.0,466.6,3.5,0.0,0.0,0.0,0.0,0.0,0.0,0.0,0.0,0.0,0.0,0
Spencer Shrader,IND,0.0,0.0,0,0.0,0.0,0.0,0,0.0,0.0,113.9,0.0,0,0.0,26.1,31.1,35.5,0.0,0.0,0.0,0.0,0.0,0.0,0.0,0
Jalen McMillan,TB,0.0,0.0,0,0.0,0.0,2.3,20.4,0.0,0.5,113.4,38.2,482.3,4.3,0.0,0.0,0.0,0.0,0.0,0.0,0.0,0.0,0.0,0.0,0
Harrison Mevis,NYJ,0.0,0.0,0,0.0,0.0,0.0,0,0.0,0.0,112.7,0.0,0,0.0,27.7,33.4,29.6,0.0,0.0,0.0,0.0,0.0,0.0,0.0,0
Robbie Ouzts,SEA,0.0,0.0,0,0.0,0.0,0.0,0.0,0.0,1.0,111.8,48.0,478.0,3.0,0.0,0.0,0.0,0.0,0.0,0.0,0.0,0.0,0.0,0.0,0
Dallas Cowboys,,0.0,0.0,0,0.0,0.0,0.0,0,0.0,0.0,111.6,0.0,0,0.0,0.0,0.0,0.0,51.8,12.0,10.3,16.5,2.6,0.0,396.8,"5,923.6"
Blake Grupe,NO,0.0,0.0,0,0.0,0.0,0.0,0,0.0,0.0,111.0,0.0,0,0.0,26.8,31.5,30.5,0.0,0.0,0.0,0.0,0.0,0.0,0.0,0
Pittsburgh Steelers,,0.0,0.0,0,0.0,0.0,0.0,0,0.0,0.0,110.6,0.0,0,0.0,0.0,0.0,0.0,43.8,13.8,12.1,20.1,2.5,0.0,347.8,"5,683.1"
Joey Slye,TEN,0.0,0.0,0,0.0,0.0,0.0,0,0.0,0.0,109.3,0.0,0,0.0,25.8,31.8,31.8,0.0,0.0,0.0,0.0,0.0,0.0,0.0,0
Green Bay Packers,,0.0,0.0,0,0.0,0.0,0.0,0,0.0,0.0,108.6,0.0,0,0.0,0.0,0.0,0.0,46.1,12.5,11.7,18.4,2.2,0.5,362.7,"5,642.6"
Minnesota Vikings,,0.0,0.0,0,0.0,0.0,0.0,0,0.0,0.0,108.4,0.0,0,0.0,0.0,0.0,0.0,45.7,13.5,10.3,15.2,2.5,0.0,356.8,"5,303.5"
Daniel Jones,IND,194.7,120.5,"1,440.1",7.6,5.2,40.9,196.6,1.6,1.9,108.4,0.0,0,0.0,0.0,0.0,0.0,0.0,0.0,0.0,0.0,0.0,0.0,0.0,0
Alec Pierce,IND,0.0,0.0,0,0.0,0.0,0.0,0.0,0.0,0.1,108.2,31.2,558.8,3.6,0.0,0.0,0.0,0.0,0.0,0.0,0.0,0.0,0.0,0.0,0
New York Giants,,0.0,0.0,0,0.0,0.0,0.0,0,0.0,0.0,108.1,0.0,0,0.0,0.0,0.0,0.0,50.6,10.5,11.9,19.2,2.1,0.0,420.4,"5,861.0"
Joe Flacco,CLE,252.6,161.5,"1,853.5",9.4,7.0,6.5,29.9,0.5,1.7,107.5,0.0,0,0.0,0.0,0.0,0.0,0.0,0.0,0.0,0.0,0.0,0.0,0.0,0
Theo Johnson,NYG,0.0,0.0,0,0.0,0.0,0.0,0,0.0,0.1,107.0,43.2,476.0,2.7,0.0,0.0,0.0,0.0,0.0,0.0,0.0,0.0,0.0,0.0,0
Tyler Higbee,LAR,0.0,0.0,0,0.0,0.0,0.0,0,0.0,0.1,105.7,43.7,411.4,3.5,0.0,0.0,0.0,0.0,0.0,0.0,0.0,0.0,0.0,0.0,0
Andy Borregales,NE,0.0,0.0,0,0.0,0.0,0.0,0,0.0,0.0,105.1,0.0,0,0.0,24.5,29.1,31.6,0.0,0.0,0.0,0.0,0.0,0.0,0.0,0
Detroit Lions,,0.0,0.0,0,0.0,0.0,0.0,0,0.0,0.0,104.7,0.0,0,0.0,0.0,0.0,0.0,43.1,13.8,9.6,14.6,2.5,0.0,374.8,"5,788.2"
San Francisco 49ers,,0.0,0.0,0,0.0,0.0,0.0,0,0.0,0.0,103.7,0.0,0,0.0,0.0,0.0,0.0,43.1,13.5,8.9,14.1,2.3,1.0,383.7,"5,620.2"
Los Angeles Chargers,,0.0,0.0,0,0.0,0.0,0.0,0,0.0,0.0,103.5,0.0,0,0.0,0.0,0.0,0.0,46.8,12.4,9.9,15.3,2.1,0.0,370.5,"5,797.8"
Graham Gano,NYG,0.0,0.0,0,0.0,0.0,0.0,0,0.0,0.0,103.5,0.0,0,0.0,24.3,28.8,30.5,0.0,0.0,0.0,0.0,0.0,0.0,0.0,0
Tutu Atwell,LAR,0.0,0.0,0,0.0,0.0,4.3,20.2,0.1,0.1,103.2,38.4,490.3,2.2,0.0,0.0,0.0,0.0,0.0,0.0,0.0,0.0,0.0,0.0,0
Tampa Bay Buccaneers,,0.0,0.0,0,0.0,0.0,0.0,0,0.0,0.0,102.9,0.0,0,0.0,0.0,0.0,0.0,44.3,11.7,11.0,16.7,2.0,0.5,373.7,"5,732.8"
Kansas City Chiefs,,0.0,0.0,0,0.0,0.0,0.0,0,0.0,0.0,102.6,0.0,0,0.0,0.0,0.0,0.0,45.5,12.0,9.3,13.8,2.2,0.5,347.4,"5,574.8"
Dyami Brown,JAC,0.0,0.0,0,0.0,0.0,0.7,5.8,0.0,0.5,102.3,38.1,491.6,2.6,0.0,0.0,0.0,0.0,0.0,0.0,0.0,0.0,0.0,0.0,0
Washington Commanders,,0.0,0.0,0,0.0,0.0,0.0,0,0.0,0.0,102.2,0.0,0,0.0,0.0,0.0,0.0,45.7,11.1,10.3,15.9,2.1,0.5,399.2,"6,109.2"
Los Angeles Rams,,0.0,0.0,0,0.0,0.0,0.0,0,0.0,0.0,102.0,0.0,0,0.0,0.0,0.0,0.0,44.6,12.8,8.7,14.3,2.3,0.5,375.2,"5,919.1"
Indianapolis Colts,,0.0,0.0,0,0.0,0.0,0.0,0,0.0,0.0,101.9,0.0,0,0.0,0.0,0.0,0.0,41.7,12.8,9.6,15.8,2.2,1.0,407.8,"5,849.4"
Chicago Bears,,0.0,0.0,0,0.0,0.0,0.0,0,0.0,0.0,101.4,0.0,0,0.0,0.0,0.0,0.0,40.5,13.2,10.2,17.3,2.2,0.5,386.8,"5,917.7"
Darius Slayton,NYG,0.0,0.0,0,0.0,0.0,1.4,6.1,0.0,0.2,101.4,34.2,517.5,2.5,0.0,0.0,0.0,0.0,0.0,0.0,0.0,0.0,0.0,0.0,0
Seattle Seahawks,,0.0,0.0,0,0.0,0.0,0.0,0,0.0,0.0,101.3,0.0,0,0.0,0.0,0.0,0.0,45.2,12.9,8.6,13.7,2.0,0.5,361.7,"5,613.4"
Tre Tucker,LV,0.0,0.0,0,0.0,0.0,5.6,33.8,0.3,0.1,100.5,34.9,445.2,2.6,0.0,0.0,0.0,0.0,0.0,0.0,0.0,0.0,0.0,0.0,0
Elijah Arroyo,SEA,0.0,0.0,0,0.0,0.0,0.0,0,0.0,0.4,100.4,40.9,431.3,2.9,0.0,0.0,0.0,0.0,0.0,0.0,0.0,0.0,0.0,0.0,0
Diontae Johnson,CLE,0.0,0.0,0,0.0,0.0,1.0,1.8,0.0,0.5,100.1,39.1,476.8,2.3,0.0,0.0,0.0,0.0,0.0,0.0,0.0,0.0,0.0,0.0,0
Ray-Ray McCloud III,ATL,0.0,0.0,0,0.0,0.0,7.8,53.1,0.2,1.2,100.0,39.6,427.6,2.3,0.0,0.0,0.0,0.0,0.0,0.0,0.0,0.0,0.0,0.0,0
Jalen Coker,CAR,0.0,0.0,0,0.0,0.0,0.0,2.3,0.0,0.1,98.8,37.1,477.8,2.3,0.0,0.0,0.0,0.0,0.0,0.0,0.0,0.0,0.0,0.0,0
DeAndre Hopkins,BAL,0.0,0.0,0,0.0,0.0,0.0,0.5,0.0,0.1,98.8,33.1,425.1,3.9,0.0,0.0,0.0,0.0,0.0,0.0,0.0,0.0,0.0,0.0,0
Cleveland Browns,,0.0,0.0,0,0.0,0.0,0.0,0,0.0,0.0,98.6,0.0,0,0.0,0.0,0.0,0.0,44.9,11.1,9.2,14.5,2.2,0.0,417.9,"5,991.5"
New York Jets,,0.0,0.0,0,0.0,0.0,0.0,0,0.0,0.0,98.5,0.0,0,0.0,0.0,0.0,0.0,43.1,12.3,9.5,14.3,1.8,0.5,386.9,"5,391.7"
Jalen Tolbert,DAL,0.0,0.0,0,0.0,0.0,0.0,0.0,0.0,0.1,97.2,34.4,416.2,3.6,0.0,0.0,0.0,0.0,0.0,0.0,0.0,0.0,0.0,0.0,0
Brandin Cooks,NO,0.0,0.0,0,0.0,0.0,1.7,3.8,0.0,0.1,97.2,36.9,427.6,2.9,0.0,0.0,0.0,0.0,0.0,0.0,0.0,0.0,0.0,0.0,0
Arizona Cardinals,,0.0,0.0,0,0.0,0.0,0.0,0,0.0,0.0,97.1,0.0,0,0.0,0.0,0.0,0.0,41.3,11.8,8.9,14.7,2.1,1.0,398.5,"5,814.5"
Bhayshul Tuten,JAC,0.0,0.0,0,0.0,0.0,99.8,425.9,3.0,0.8,96.9,18.0,145.4,0.9,0.0,0.0,0.0,0.0,0.0,0.0,0.0,0.0,0.0,0.0,0
Trey Benson,ARI,0.0,0.0,0,0.0,0.0,124.1,531.2,3.3,0.9,96.7,12.7,94.2,0.5,0.0,0.0,0.0,0.0,0.0,0.0,0.0,0.0,0.0,0.0,0
Cincinnati Bengals,,0.0,0.0,0,0.0,0.0,0.0,0,0.0,0.0,96.2,0.0,0,0.0,0.0,0.0,0.0,40.1,12.4,9.3,14.7,2.1,0.0,421.9,"6,150.0"
Rico Dowdle,CAR,0.0,0.0,0,0.0,0.0,106.2,452.2,2.4,0.8,96.0,18.8,128.9,1.1,0.0,0.0,0.0,0.0,0.0,0.0,0.0,0.0,0.0,0.0,0
Allen Lazard,NYJ,0.0,0.0,0,0.0,0.0,0.0,0.0,0.0,0.1,95.7,33.8,438.9,3.0,0.0,0.0,0.0,0.0,0.0,0.0,0.0,0.0,0.0,0.0,0
Roschon Johnson,CHI,0.0,0.0,0,0.0,0.0,96.6,331.9,4.7,0.4,95.6,19.5,127.2,0.5,0.0,0.0,0.0,0.0,0.0,0.0,0.0,0.0,0.0,0.0,0
Skyy Moore,KC,0.0,0.0,0,0.0,0.0,0.0,0.0,0.0,0.0,94.5,36.3,421.7,2.7,0.0,0.0,0.0,0.0,0.0,0.0,0.0,0.0,0.0,0.0,0
Nick Westbrook-Ikhine,MIA,0.0,0.0,0,0.0,0.0,0.0,0.0,0.0,0.1,94.2,30.5,418.8,3.7,0.0,0.0,0.0,0.0,0.0,0.0,0.0,0.0,0.0,0.0,0
Nick Chubb,HOU,0.0,0.0,0,0.0,0.0,122.5,502.1,3.9,0.5,94.0,9.9,75.4,0.6,0.0,0.0,0.0,0.0,0.0,0.0,0.0,0.0,0.0,0.0,0
Tyler Allgeier,ATL,0.0,0.0,0,0.0,0.0,117.3,530.2,3.2,0.8,93.7,12.0,87.8,0.3,0.0,0.0,0.0,0.0,0.0,0.0,0.0,0.0,0.0,0.0,0
Miami Dolphins,,0.0,0.0,0,0.0,0.0,0.0,0,0.0,0.0,93.2,0.0,0,0.0,0.0,0.0,0.0,39.7,11.4,8.8,13.4,2.0,0.5,391.9,"5,721.3"
Dustin Hopkins,CLE,0.0,0.0,0,0.0,0.0,0.0,0,0.0,0.0,93.2,0.0,0,0.0,22.9,29.2,24.6,0.0,0.0,0.0,0.0,0.0,0.0,0.0,0
Marquez Valdes-Scantling,SEA,0.0,0.0,0,0.0,0.0,2.6,9.0,0.1,0.1,93.0,28.1,468.4,2.8,0.0,0.0,0.0,0.0,0.0,0.0,0.0,0.0,0.0,0.0,0
Atlanta Falcons,,0.0,0.0,0,0.0,0.0,0.0,0,0.0,0.0,92.7,0.0,0,0.0,0.0,0.0,0.0,39.2,11.7,8.8,14.0,1.9,0.5,411.1,"6,013.5"
Mason Taylor,NYJ,0.0,0.0,0,0.0,0.0,0.0,0,0.0,0.5,92.7,39.5,393.3,2.5,0.0,0.0,0.0,0.0,0.0,0.0,0.0,0.0,0.0,0.0,0
Las Vegas Raiders,,0.0,0.0,0,0.0,0.0,0.0,0,0.0,0.0,92.7,0.0,0,0.0,0.0,0.0,0.0,42.1,11.1,7.9,12.4,1.9,0.5,418.4,"5,788.1"
Jacksonville Jaguars,,0.0,0.0,0,0.0,0.0,0.0,0,0.0,0.0,90.9,0.0,0,0.0,0.0,0.0,0.0,39.0,11.9,8.2,11.2,2.0,0.0,412.6,"5,824.9"
Ja'Tavion Sanders,CAR,0.0,0.0,0,0.0,0.0,0.0,0,0.0,0.1,90.7,38.9,391.0,2.1,0.0,0.0,0.0,0.0,0.0,0.0,0.0,0.0,0.0,0.0,0
Will Dissly,LAC,0.0,0.0,0,0.0,0.0,0.0,0,0.0,0.0,90.6,38.4,373.4,2.5,0.0,0.0,0.0,0.0,0.0,0.0,0.0,0.0,0.0,0.0,0
Isaac Guerendo,SF,0.0,0.0,0,0.0,0.0,105.0,469.5,3.7,0.9,90.3,11.1,96.2,0.4,0.0,0.0,0.0,0.0,0.0,0.0,0.0,0.0,0.0,0.0,0
New Orleans Saints,,0.0,0.0,0,0.0,0.0,0.0,0,0.0,0.0,90.2,0.0,0,0.0,0.0,0.0,0.0,37.9,13.1,7.6,9.7,1.8,0.0,388.9,"5,844.3"
Tennessee Titans,,0.0,0.0,0,0.0,0.0,0.0,0,0.0,0.0,89.8,0.0,0,0.0,0.0,0.0,0.0,39.2,11.0,8.6,13.9,1.7,0.5,421.3,"5,735.3"
Jordan Whittington,LAR,0.0,0.0,0,0.0,0.0,1.1,13.9,0.0,0.1,89.2,33.8,392.5,2.5,0.0,0.0,0.0,0.0,0.0,0.0,0.0,0.0,0.0,0.0,0
Jaydon Blue,DAL,0.0,0.0,0,0.0,0.0,95.3,433.2,2.6,0.8,88.9,15.3,122.9,0.6,0.0,0.0,0.0,0.0,0.0,0.0,0.0,0.0,0.0,0.0,0
Tyler Conklin,LAC,0.0,0.0,0,0.0,0.0,0.0,0,0.0,0.1,88.5,37.5,362.5,2.5,0.0,0.0,0.0,0.0,0.0,0.0,0.0,0.0,0.0,0.0,0
Josh Reynolds,NYJ,0.0,0.0,0,0.0,0.0,0.0,0.0,0.0,0.1,87.7,30.9,404.0,2.8,0.0,0.0,0.0,0.0,0.0,0.0,0.0,0.0,0.0,0.0,0
Andrei Iosivas,CIN,0.0,0.0,0,0.0,0.0,0.0,0.0,0.0,0.1,87.4,30.5,364.8,3.4,0.0,0.0,0.0,0.0,0.0,0.0,0.0,0.0,0.0,0.0,0
Braelon Allen,NYJ,0.0,0.0,0,0.0,0.0,100.4,378.6,2.5,0.4,87.2,17.1,129.0,0.8,0.0,0.0,0.0,0.0,0.0,0.0,0.0,0.0,0.0,0.0,0
Ray Davis,BUF,0.0,0.0,0,0.0,0.0,100.1,424.1,2.8,0.8,86.8,12.2,108.5,1.0,0.0,0.0,0.0,0.0,0.0,0.0,0.0,0.0,0.0,0.0,0
Dontayvion Wicks,GB,0.0,0.0,0,0.0,0.0,0.0,0.0,0.0,0.0,86.7,29.9,374.7,3.2,0.0,0.0,0.0,0.0,0.0,0.0,0.0,0.0,0.0,0.0,0
MarShawn Lloyd,GB,0.0,0.0,0,0.0,0.0,103.0,400.9,3.1,0.8,86.5,14.0,112.4,0.7,0.0,0.0,0.0,0.0,0.0,0.0,0.0,0.0,0.0,0.0,0
Jaylen Wright,MIA,0.0,0.0,0,0.0,0.0,116.2,471.3,2.8,1.5,86.4,13.1,90.5,0.5,0.0,0.0,0.0,0.0,0.0,0.0,0.0,0.0,0.0,0.0,0
New England Patriots,,0.0,0.0,0,0.0,0.0,0.0,0,0.0,0.0,85.3,0.0,0,0.0,0.0,0.0,0.0,36.1,11.5,8.2,11.7,1.6,0.0,401.6,"5,513.4"
Jalen Nailor,MIN,0.0,0.0,0,0.0,0.0,1.1,10.2,0.0,0.1,83.8,28.9,364.4,2.9,0.0,0.0,0.0,0.0,0.0,0.0,0.0,0.0,0.0,0.0,0
Pat Bryant,DEN,0.0,0.0,0,0.0,0.0,0.0,0.0,0.0,0.1,83.4,30.7,375.5,2.6,0.0,0.0,0.0,0.0,0.0,0.0,0.0,0.0,0.0,0.0,0
Carolina Panthers,,0.0,0.0,0,0.0,0.0,0.0,0,0.0,0.0,82.8,0.0,0,0.0,0.0,0.0,0.0,34.7,11.2,7.8,11.4,1.7,0.0,442.3,"6,335.8"
Noah Brown,WAS,0.0,0.0,0,0.0,0.0,0.0,0.0,0.0,0.1,82.6,31.4,399.7,1.9,0.0,0.0,0.0,0.0,0.0,0.0,0.0,0.0,0.0,0.0,0
Russell Gage Jr.,SF,0.0,0.0,0,0.0,0.0,0.0,0.0,0.0,0.0,82.4,31.4,360.9,2.5,0.0,0.0,0.0,0.0,0.0,0.0,0.0,0.0,0.0,0.0,0
Justice Hill,BAL,0.0,0.0,0,0.0,0.0,39.2,177.8,1.0,0.8,81.3,27.3,221.4,1.7,0.0,0.0,0.0,0.0,0.0,0.0,0.0,0.0,0.0,0.0,0
Kareem Hunt,KC,0.0,0.0,0,0.0,0.0,82.4,296.7,3.1,0.1,80.6,16.7,114.1,0.7,0.0,0.0,0.0,0.0,0.0,0.0,0.0,0.0,0.0,0.0,0
Cole Kmet,CHI,0.0,0.0,0,0.0,0.0,0.0,0,0.0,0.4,79.7,33.6,325.3,2.4,0.0,0.0,0.0,0.0,0.0,0.0,0.0,0.0,0.0,0.0,0
Jaylin Noel,HOU,0.0,0.0,0,0.0,0.0,0.0,0.0,0.0,0.1,79.0,29.7,357.9,2.3,0.0,0.0,0.0,0.0,0.0,0.0,0.0,0.0,0.0,0.0,0
Dont'e Thornton Jr.,LV,0.0,0.0,0,0.0,0.0,0.0,8.0,0.0,0.1,79.0,28.1,367.3,2.3,0.0,0.0,0.0,0.0,0.0,0.0,0.0,0.0,0.0,0.0,0
Troy Franklin,DEN,0.0,0.0,0,0.0,0.0,1.1,5.8,0.0,0.1,78.1,27.2,342.9,2.7,0.0,0.0,0.0,0.0,0.0,0.0,0.0,0.0,0.0,0.0,0
Christian Watson,GB,0.0,0.0,0,0.0,0.0,4.3,18.7,0.0,0.4,77.7,21.3,392.6,2.6,0.0,0.0,0.0,0.0,0.0,0.0,0.0,0.0,0.0,0.0,0
Raheem Mostert,LV,0.0,0.0,0,0.0,0.0,77.5,299.4,2.6,0.8,77.6,17.4,126.7,0.6,0.0,0.0,0.0,0.0,0.0,0.0,0.0,0.0,0.0,0.0,0
Curtis Samuel,BUF,0.0,0.0,0,0.0,0.0,6.6,29.3,0.1,0.1,77.4,29.4,297.2,2.5,0.0,0.0,0.0,0.0,0.0,0.0,0.0,0.0,0.0,0.0,0
Adonai Mitchell,IND,0.0,0.0,0,0.0,0.0,2.5,14.9,0.1,0.2,77.3,25.7,362.9,2.3,0.0,0.0,0.0,0.0,0.0,0.0,0.0,0.0,0.0,0.0,0
AJ Barner,SEA,0.0,0.0,0,0.0,0.0,0.0,0,0.0,0.1,76.7,32.4,302.6,2.4,0.0,0.0,0.0,0.0,0.0,0.0,0.0,0.0,0.0,0.0,0
Miles Sanders,DAL,0.0,0.0,0,0.0,0.0,93.8,384.0,2.3,0.5,76.3,13.1,85.5,0.6,0.0,0.0,0.0,0.0,0.0,0.0,0.0,0.0,0.0,0.0,0
Elic Ayomanor,TEN,0.0,0.0,0,0.0,0.0,0.0,7.5,0.0,0.1,76.1,28.6,336.2,2.2,0.0,0.0,0.0,0.0,0.0,0.0,0.0,0.0,0.0,0.0,0
Noah Gray,KC,0.0,0.0,0,0.0,0.0,0.0,0,0.0,0.0,75.3,29.5,299.1,2.7,0.0,0.0,0.0,0.0,0.0,0.0,0.0,0.0,0.0,0.0,0
K.J. Osborn,WAS,0.0,0.0,0,0.0,0.0,0.0,0.0,0.0,0.0,74.9,28.5,316.0,2.5,0.0,0.0,0.0,0.0,0.0,0.0,0.0,0.0,0.0,0.0,0
Kendre Miller,NO,0.0,0.0,0,0.0,0.0,99.2,356.3,3.3,0.5,72.9,10.0,74.4,0.2,0.0,0.0,0.0,0.0,0.0,0.0,0.0,0.0,0.0,0.0,0
Devaughn Vele,DEN,0.0,0.0,0,0.0,0.0,0.0,1.0,0.0,0.1,71.8,28.6,306.9,2.1,0.0,0.0,0.0,0.0,0.0,0.0,0.0,0.0,0.0,0.0,0
Blake Corum,LAR,0.0,0.0,0,0.0,0.0,91.8,338.6,2.3,0.4,71.2,12.0,87.4,0.6,0.0,0.0,0.0,0.0,0.0,0.0,0.0,0.0,0.0,0.0,0
Greg Dortch,ARI,0.0,0.0,0,0.0,0.0,4.8,30.6,0.1,0.4,69.1,27.3,265.2,2.1,0.0,0.0,0.0,0.0,0.0,0.0,0.0,0.0,0.0,0.0,0
Malik Washington,MIA,0.0,0.0,0,0.0,0.0,2.0,13.8,0.1,0.6,68.5,27.6,293.4,1.8,0.0,0.0,0.0,0.0,0.0,0.0,0.0,0.0,0.0,0.0,0
Anthony Miller,BAL,0.0,0.0,0,0.0,0.0,0.0,0.0,0.0,0.0,68.2,24.9,281.5,2.5,0.0,0.0,0.0,0.0,0.0,0.0,0.0,0.0,0.0,0.0,0
Ty Johnson,BUF,0.0,0.0,0,0.0,0.0,45.7,208.4,1.0,0.1,66.8,15.1,165.1,1.4,0.0,0.0,0.0,0.0,0.0,0.0,0.0,0.0,0.0,0.0,0
Nick Folk,NYJ,0.0,0.0,0,0.0,0.0,0.0,0,0.0,0.0,66.5,0.0,0,0.0,16.3,18.3,17.5,0.0,0.0,0.0,0.0,0.0,0.0,0.0,0
Kenny Pickett,CLE,217.1,133.6,"1,117.8",5.2,5.0,16.2,45.0,0.4,0.6,66.4,0.0,0,0.0,0.0,0.0,0.0,0.0,0.0,0.0,0.0,0.0,0.0,0.0,0
Samaje Perine,CIN,0.0,0.0,0,0.0,0.0,39.3,163.0,1.2,0.7,65.9,19.4,181.2,1.0,0.0,0.0,0.0,0.0,0.0,0.0,0.0,0.0,0.0,0.0,0
Van Jefferson,TEN,0.0,0.0,0,0.0,0.0,0.0,0.0,0.0,0.1,65.9,24.2,308.1,1.9,0.0,0.0,0.0,0.0,0.0,0.0,0.0,0.0,0.0,0.0,0
Xavier Hutchinson,HOU,0.0,0.0,0,0.0,0.0,0.0,0.0,0.0,0.0,65.8,26.1,283.1,1.9,0.0,0.0,0.0,0.0,0.0,0.0,0.0,0.0,0.0,0.0,0
Spencer Rattler,NO,156.6,95.8,"1,003.8",4.9,3.9,19.5,108.3,0.4,1.6,65.7,0.0,0,0.0,0.0,0.0,0.0,0.0,0.0,0.0,0.0,0.0,0.0,0.0,0
Tai Felton,MIN,0.0,0.0,0,0.0,0.0,0.0,5.0,0.0,0.0,65.2,23.4,284.1,2.1,0.0,0.0,0.0,0.0,0.0,0.0,0.0,0.0,0.0,0.0,0
Tim Patrick,DET,0.0,0.0,0,0.0,0.0,0.0,0.0,0.0,0.1,65.1,22.9,289.7,2.2,0.0,0.0,0.0,0.0,0.0,0.0,0.0,0.0,0.0,0.0,0
Kayshon Boutte,NE,0.0,0.0,0,0.0,0.0,0.0,0.0,0.0,0.0,64.5,22.5,301.5,2.0,0.0,0.0,0.0,0.0,0.0,0.0,0.0,0.0,0.0,0.0,0
Michael Mayer,LV,0.0,0.0,0,0.0,0.0,0.0,0,0.0,0.1,62.9,27.7,256.8,1.6,0.0,0.0,0.0,0.0,0.0,0.0,0.0,0.0,0.0,0.0,0
Devin Singletary,NYG,0.0,0.0,0,0.0,0.0,80.5,318.2,2.1,0.4,62.1,10.4,72.0,0.2,0.0,0.0,0.0,0.0,0.0,0.0,0.0,0.0,0.0,0.0,0
Matthew Wright,CAR,0.0,0.0,0,0.0,0.0,0.0,0,0.0,0.0,62.0,0.0,0,0.0,14.7,17.0,18.0,0.0,0.0,0.0,0.0,0.0,0.0,0.0,0
Antonio Gibson,NE,0.0,0.0,0,0.0,0.0,51.5,209.5,1.0,0.0,60.8,16.5,131.3,0.8,0.0,0.0,0.0,0.0,0.0,0.0,0.0,0.0,0.0,0.0,0
Roman Wilson,PIT,0.0,0.0,0,0.0,0.0,0.0,0.0,0.0,0.1,60.7,21.8,276.5,1.9,0.0,0.0,0.0,0.0,0.0,0.0,0.0,0.0,0.0,0.0,0
Austin Hooper,NE,0.0,0.0,0,0.0,0.0,0.0,0,0.0,0.4,59.5,25.8,256.3,1.5,0.0,0.0,0.0,0.0,0.0,0.0,0.0,0.0,0.0,0.0,0
Foster Moreau,NO,0.0,0.0,0,0.0,0.0,0.0,0,0.0,0.1,59.0,22.4,253.4,1.9,0.0,0.0,0.0,0.0,0.0,0.0,0.0,0.0,0.0,0.0,0
Dillon Gabriel,CLE,172.2,107.0,958.9,4.6,3.7,15.9,57.3,0.4,1.4,58.7,0.0,0,0.0,0.0,0.0,0.0,0.0,0.0,0.0,0.0,0.0,0.0,0.0,0
Jaleel McLaughlin,DEN,0.0,0.0,0,0.0,0.0,30.5,135.2,0.8,0.5,58.5,20.9,130.9,1.2,0.0,0.0,0.0,0.0,0.0,0.0,0.0,0.0,0.0,0.0,0
Khalil Herbert,IND,0.0,0.0,0,0.0,0.0,71.2,305.6,2.1,0.0,58.4,8.6,55.9,0.2,0.0,0.0,0.0,0.0,0.0,0.0,0.0,0.0,0.0,0.0,0
Noah Fant,CIN,0.0,0.0,0,0.0,0.0,0.0,0,0.0,0.0,58.2,23.3,248.7,1.7,0.0,0.0,0.0,0.0,0.0,0.0,0.0,0.0,0.0,0.0,0
JuJu Smith-Schuster,KC,0.0,0.0,0,0.0,0.0,0.0,0.0,0.0,0.1,58.1,23.4,249.7,1.7,0.0,0.0,0.0,0.0,0.0,0.0,0.0,0.0,0.0,0.0,0
Parker Washington,JAC,0.0,0.0,0,0.0,0.0,0.0,4.0,0.0,0.1,57.5,22.7,251.1,1.6,0.0,0.0,0.0,0.0,0.0,0.0,0.0,0.0,0.0,0.0,0
Terrance Ferguson,LAR,0.0,0.0,0,0.0,0.0,0.0,0,0.0,0.4,57.1,23.0,235.5,1.9,0.0,0.0,0.0,0.0,0.0,0.0,0.0,0.0,0.0,0.0,0
Dawson Knox,BUF,0.0,0.0,0,0.0,0.0,0.0,0,0.0,0.0,57.1,21.9,238.1,1.9,0.0,0.0,0.0,0.0,0.0,0.0,0.0,0.0,0.0,0.0,0
Chimere Dike,TEN,0.0,0.0,0,0.0,0.0,2.1,12.4,0.0,0.1,57.0,19.9,262.4,1.6,0.0,0.0,0.0,0.0,0.0,0.0,0.0,0.0,0.0,0.0,0
Jaxson Dart,NYG,120.0,75.3,815.8,4.6,3.4,14.5,67.3,0.7,1.1,56.1,0.0,0,0.0,0.0,0.0,0.0,0.0,0.0,0.0,0.0,0.0,0.0,0.0,0
Jalen Royals,KC,0.0,0.0,0,0.0,0.0,0.0,0.0,0.0,0.0,55.8,20.4,241.0,1.9,0.0,0.0,0.0,0.0,0.0,0.0,0.0,0.0,0.0,0.0,0
Tyler Johnson,NYJ,0.0,0.0,0,0.0,0.0,0.0,0.0,0.0,0.0,55.2,21.6,239.1,1.6,0.0,0.0,0.0,0.0,0.0,0.0,0.0,0.0,0.0,0.0,0
Demarcus Robinson,SF,0.0,0.0,0,0.0,0.0,0.0,1.0,0.0,0.1,55.0,16.8,261.6,2.0,0.0,0.0,0.0,0.0,0.0,0.0,0.0,0.0,0.0,0.0,0
Jarquez Hunter,LAR,0.0,0.0,0,0.0,0.0,57.1,262.0,1.9,0.4,54.7,8.5,68.7,0.4,0.0,0.0,0.0,0.0,0.0,0.0,0.0,0.0,0.0,0.0,0
Rondale Moore,MIN,0.0,0.0,0,0.0,0.0,8.6,38.2,0.0,0.0,54.5,20.6,213.4,1.5,0.0,0.0,0.0,0.0,0.0,0.0,0.0,0.0,0.0,0.0,0
Keaton Mitchell,BAL,0.0,0.0,0,0.0,0.0,64.7,268.2,1.4,0.0,54.4,8.5,79.6,0.5,0.0,0.0,0.0,0.0,0.0,0.0,0.0,0.0,0.0,0.0,0
Kendrick Bourne,NE,0.0,0.0,0,0.0,0.0,1.1,5.2,0.0,0.1,54.3,20.5,238.1,1.6,0.0,0.0,0.0,0.0,0.0,0.0,0.0,0.0,0.0,0.0,0
Jermaine Burton,CIN,0.0,0.0,0,0.0,0.0,0.0,2.0,0.0,0.1,54.3,18.8,249.6,1.8,0.0,0.0,0.0,0.0,0.0,0.0,0.0,0.0,0.0,0.0,0
Trevor Etienne,CAR,0.0,0.0,0,0.0,0.0,49.8,206.4,1.5,0.7,53.2,11.4,93.1,0.7,0.0,0.0,0.0,0.0,0.0,0.0,0.0,0.0,0.0,0.0,0
Elijah Mitchell,KC,0.0,0.0,0,0.0,0.0,62.5,243.1,1.9,0.1,53.2,9.4,55.4,0.5,0.0,0.0,0.0,0.0,0.0,0.0,0.0,0.0,0.0,0.0,0
KaVontae Turpin,DAL,0.0,0.0,0,0.0,0.0,8.5,58.6,0.5,0.7,52.8,16.2,207.2,1.4,0.0,0.0,0.0,0.0,0.0,0.0,0.0,0.0,0.0,0.0,0
Taysom Hill,NO,0.0,0.0,0,0.0,0.0,0.0,0,0.0,0.3,52.3,13.3,114.3,1.0,0.0,0.0,0.0,0.0,0.0,0.0,0.0,0.0,0.0,0.0,0
Woody Marks,HOU,0.0,0.0,0,0.0,0.0,36.7,162.9,1.0,0.1,51.8,14.5,106.0,0.8,0.0,0.0,0.0,0.0,0.0,0.0,0.0,0.0,0.0,0.0,0
Harold Fannin Jr.,CLE,0.0,0.0,0,0.0,0.0,0.0,0,0.0,0.4,51.7,22.9,222.1,1.2,0.0,0.0,0.0,0.0,0.0,0.0,0.0,0.0,0.0,0.0,0
Robert Woods,PIT,0.0,0.0,0,0.0,0.0,0.0,0.0,0.0,0.1,50.2,20.8,221.5,1.2,0.0,0.0,0.0,0.0,0.0,0.0,0.0,0.0,0.0,0.0,0
Malachi Corley,NYJ,0.0,0.0,0,0.0,0.0,2.3,23.5,0.1,0.1,50.0,19.4,201.9,1.3,0.0,0.0,0.0,0.0,0.0,0.0,0.0,0.0,0.0,0.0,0
Shedeur Sanders,CLE,133.0,80.7,756.4,4.0,3.1,15.8,50.8,0.4,1.0,48.6,0.0,0,0.0,0.0,0.0,0.0,0.0,0.0,0.0,0.0,0.0,0.0,0.0,0
Jake Bobo,SEA,0.0,0.0,0,0.0,0.0,0.0,0.0,0.0,0.1,48.3,18.3,212.6,1.5,0.0,0.0,0.0,0.0,0.0,0.0,0.0,0.0,0.0,0.0,0
Luke McCaffrey,WAS,0.0,0.0,0,0.0,0.0,0.0,1.0,0.0,0.1,48.2,19.3,202.3,1.5,0.0,0.0,0.0,0.0,0.0,0.0,0.0,0.0,0.0,0.0,0
Ja'Lynn Polk,NE,0.0,0.0,0,0.0,0.0,0.0,0.0,0.0,0.0,48.1,18.3,213.5,1.4,0.0,0.0,0.0,0.0,0.0,0.0,0.0,0.0,0.0,0.0,0
Tommy Tremble,CAR,0.0,0.0,0,0.0,0.0,0.0,0,0.0,0.4,46.5,18.8,182.5,1.7,0.0,0.0,0.0,0.0,0.0,0.0,0.0,0.0,0.0,0.0,0
Luke Musgrave,GB,0.0,0.0,0,0.0,0.0,0.0,0,0.0,0.0,46.2,19.1,186.6,1.4,0.0,0.0,0.0,0.0,0.0,0.0,0.0,0.0,0.0,0.0,0
Zay Jones,ARI,0.0,0.0,0,0.0,0.0,0.0,2.0,0.0,0.1,45.5,18.1,192.3,1.3,0.0,0.0,0.0,0.0,0.0,0.0,0.0,0.0,0.0,0.0,0
Ben Sinnott,WAS,0.0,0.0,0,0.0,0.0,0.0,0,0.0,0.1,45.1,18.4,179.4,1.5,0.0,0.0,0.0,0.0,0.0,0.0,0.0,0.0,0.0,0.0,0
Oronde Gadsden II,LAC,0.0,0.0,0,0.0,0.0,0.0,0,0.0,0.0,44.7,17.8,182.1,1.5,0.0,0.0,0.0,0.0,0.0,0.0,0.0,0.0,0.0,0.0,0
Jeremy Ruckert,NYJ,0.0,0.0,0,0.0,0.0,0.0,0,0.0,0.0,44.4,19.7,172.5,1.2,0.0,0.0,0.0,0.0,0.0,0.0,0.0,0.0,0.0,0.0,0
A.J. Dillon,PHI,0.0,0.0,0,0.0,0.0,50.1,221.6,1.8,0.0,43.8,5.5,43.8,0.1,0.0,0.0,0.0,0.0,0.0,0.0,0.0,0.0,0.0,0.0,0
Kenneth Gainwell,PIT,0.0,0.0,0,0.0,0.0,52.4,180.7,1.2,0.4,43.8,10.0,70.2,0.4,0.0,0.0,0.0,0.0,0.0,0.0,0.0,0.0,0.0,0.0,0
Will Shipley,PHI,0.0,0.0,0,0.0,0.0,37.4,199.4,1.3,0.1,43.1,7.5,55.1,0.4,0.0,0.0,0.0,0.0,0.0,0.0,0.0,0.0,0.0,0.0,0
Tory Horton,SEA,0.0,0.0,0,0.0,0.0,0.0,0.0,0.0,0.0,42.8,16.1,199.7,1.1,0.0,0.0,0.0,0.0,0.0,0.0,0.0,0.0,0.0,0.0,0
Elijah Moore,BUF,0.0,0.0,0,0.0,0.0,0.0,1.3,0.0,0.0,42.2,16.4,179.3,1.3,0.0,0.0,0.0,0.0,0.0,0.0,0.0,0.0,0.0,0.0,0
Zamir White,LV,0.0,0.0,0,0.0,0.0,56.1,190.2,1.1,0.0,42.2,8.7,61.6,0.3,0.0,0.0,0.0,0.0,0.0,0.0,0.0,0.0,0.0,0.0,0
Alexander Mattison,MIA,0.0,0.0,0,0.0,0.0,53.2,204.7,1.2,0.0,42.1,7.9,53.1,0.2,0.0,0.0,0.0,0.0,0.0,0.0,0.0,0.0,0.0,0.0,0
Brock Wright,DET,0.0,0.0,0,0.0,0.0,0.0,0,0.0,0.0,41.4,15.0,134.8,2.2,0.0,0.0,0.0,0.0,0.0,0.0,0.0,0.0,0.0,0.0,0
Devin Neal,NO,0.0,0.0,0,0.0,0.0,39.1,196.8,1.3,0.0,41.4,6.8,49.8,0.4,0.0,0.0,0.0,0.0,0.0,0.0,0.0,0.0,0.0,0.0,0
A.T. Perry,DEN,0.0,0.0,0,0.0,0.0,0.0,0.0,0.0,0.0,40.6,13.7,181.0,1.5,0.0,0.0,0.0,0.0,0.0,0.0,0.0,0.0,0.0,0.0,0
Arian Smith,NYJ,0.0,0.0,0,0.0,0.0,0.0,11.0,0.0,0.0,40.4,14.7,175.5,1.2,0.0,0.0,0.0,0.0,0.0,0.0,0.0,0.0,0.0,0.0,0
Luke Schoonmaker,DAL,0.0,0.0,0,0.0,0.0,0.0,0,0.0,0.0,39.9,17.3,156.4,1.2,0.0,0.0,0.0,0.0,0.0,0.0,0.0,0.0,0.0,0.0,0
Josh Whyle,TEN,0.0,0.0,0,0.0,0.0,0.0,0,0.0,0.0,39.8,17.7,163.6,1.0,0.0,0.0,0.0,0.0,0.0,0.0,0.0,0.0,0.0,0.0,0
Derius Davis,LAC,0.0,0.0,0,0.0,0.0,10.5,47.4,0.2,0.6,39.5,13.3,153.9,1.0,0.0,0.0,0.0,0.0,0.0,0.0,0.0,0.0,0.0,0.0,0
Savion Williams,GB,0.0,0.0,0,0.0,0.0,4.4,23.4,0.1,0.0,39.4,13.1,157.9,1.3,0.0,0.0,0.0,0.0,0.0,0.0,0.0,0.0,0.0,0.0,0
Kalif Raymond,DET,0.0,0.0,0,0.0,0.0,0.0,4.0,0.0,0.6,39.3,14.7,182.7,1.2,0.0,0.0,0.0,0.0,0.0,0.0,0.0,0.0,0.0,0.0,0
Kyle Juszczyk,SF,0.0,0.0,0,0.0,0.0,6.7,27.3,0.4,0.4,39.2,14.6,140.3,1.1,0.0,0.0,0.0,0.0,0.0,0.0,0.0,0.0,0.0,0.0,0
Jahan Dotson,PHI,0.0,0.0,0,0.0,0.0,0.0,1.7,0.0,0.0,39.2,14.9,173.7,1.1,0.0,0.0,0.0,0.0,0.0,0.0,0.0,0.0,0.0,0.0,0
Bub Means,NO,0.0,0.0,0,0.0,0.0,0.7,4.0,0.0,0.3,39.0,14.9,186.4,1.0,0.0,0.0,0.0,0.0,0.0,0.0,0.0,0.0,0.0,0.0,0
Mo Alie-Cox,IND,0.0,0.0,0,0.0,0.0,0.0,0,0.0,0.0,38.9,14.0,168.0,1.4,0.0,0.0,0.0,0.0,0.0,0.0,0.0,0.0,0.0,0.0,0
Olamide Zaccheaus,CHI,0.0,0.0,0,0.0,0.0,1.1,5.4,0.0,0.0,38.6,15.0,163.3,1.1,0.0,0.0,0.0,0.0,0.0,0.0,0.0,0.0,0.0,0.0,0
Isaac TeSlaa,DET,0.0,0.0,0,0.0,0.0,0.0,0.0,0.0,0.0,38.2,13.7,177.2,1.1,0.0,0.0,0.0,0.0,0.0,0.0,0.0,0.0,0.0,0.0,0
Josh Oliver,MIN,0.0,0.0,0,0.0,0.0,0.0,0,0.0,0.0,38.0,14.3,145.8,1.5,0.0,0.0,0.0,0.0,0.0,0.0,0.0,0.0,0.0,0.0,0
Sean Tucker,TB,0.0,0.0,0,0.0,0.0,33.7,184.5,1.2,0.7,37.7,6.9,52.7,0.2,0.0,0.0,0.0,0.0,0.0,0.0,0.0,0.0,0.0,0.0,0
Kyle Monangai,CHI,0.0,0.0,0,0.0,0.0,33.4,197.6,1.4,0.0,37.6,5.4,39.3,0.0,0.0,0.0,0.0,0.0,0.0,0.0,0.0,0.0,0.0,0.0,0
Emanuel Wilson,GB,0.0,0.0,0,0.0,0.0,33.4,174.6,1.2,0.0,36.6,6.4,45.7,0.2,0.0,0.0,0.0,0.0,0.0,0.0,0.0,0.0,0.0,0.0,0
Audric Estime,DEN,0.0,0.0,0,0.0,0.0,45.5,168.3,1.2,0.4,36.5,7.1,49.7,0.2,0.0,0.0,0.0,0.0,0.0,0.0,0.0,0.0,0.0,0.0,0
Daniel Bellinger,NYG,0.0,0.0,0,0.0,0.0,0.0,0,0.0,0.0,36.4,16.0,152.2,0.9,0.0,0.0,0.0,0.0,0.0,0.0,0.0,0.0,0.0,0.0,0
Cade Stover,HOU,0.0,0.0,0,0.0,0.0,0.0,0,0.0,0.0,36.2,15.4,146.2,1.0,0.0,0.0,0.0,0.0,0.0,0.0,0.0,0.0,0.0,0.0,0
Dameon Pierce,HOU,0.0,0.0,0,0.0,0.0,14.7,109.8,0.9,1.0,35.9,11.4,76.4,0.4,0.0,0.0,0.0,0.0,0.0,0.0,0.0,0.0,0.0,0.0,0
Jalin Hyatt,NYG,0.0,0.0,0,0.0,0.0,0.0,0.0,0.0,0.0,35.7,12.5,175.4,1.0,0.0,0.0,0.0,0.0,0.0,0.0,0.0,0.0,0.0,0.0,0
Brashard Smith,KC,0.0,0.0,0,0.0,0.0,9.7,107.0,0.7,0.0,35.6,9.9,72.3,0.7,0.0,0.0,0.0,0.0,0.0,0.0,0.0,0.0,0.0,0.0,0
Isaiah Davis,NYJ,0.0,0.0,0,0.0,0.0,28.3,173.6,1.1,0.0,35.3,6.3,45.6,0.1,0.0,0.0,0.0,0.0,0.0,0.0,0.0,0.0,0.0,0.0,0
Mack Hollins,NE,0.0,0.0,0,0.0,0.0,0.0,0.0,0.0,0.1,34.9,12.2,153.7,1.2,0.0,0.0,0.0,0.0,0.0,0.0,0.0,0.0,0.0,0.0,0
Hunter Renfrow,CAR,0.0,0.0,0,0.0,0.0,0.0,0.0,0.0,0.0,34.8,14.9,147.8,0.9,0.0,0.0,0.0,0.0,0.0,0.0,0.0,0.0,0.0,0.0,0
Irvin Charles,NYJ,0.0,0.0,0,0.0,0.0,0.0,0.0,0.0,0.0,34.5,13.6,152.9,0.9,0.0,0.0,0.0,0.0,0.0,0.0,0.0,0.0,0.0,0.0,0
Adam Trautman,DEN,0.0,0.0,0,0.0,0.0,0.0,0,0.0,0.0,34.4,12.6,136.6,1.4,0.0,0.0,0.0,0.0,0.0,0.0,0.0,0.0,0.0,0.0,0
Gunnar Helm,TEN,0.0,0.0,0,0.0,0.0,0.0,0,0.0,0.4,33.6,14.4,146.3,0.9,0.0,0.0,0.0,0.0,0.0,0.0,0.0,0.0,0.0,0.0,0
DJ Giddens,IND,0.0,0.0,0,0.0,0.0,24.6,157.7,1.2,0.0,33.4,5.8,44.6,0.1,0.0,0.0,0.0,0.0,0.0,0.0,0.0,0.0,0.0,0.0,0
Tahj Brooks,CIN,0.0,0.0,0,0.0,0.0,7.1,151.9,1.1,0.0,32.8,6.2,45.2,0.1,0.0,0.0,0.0,0.0,0.0,0.0,0.0,0.0,0.0,0.0,0
Brevin Jordan,HOU,0.0,0.0,0,0.0,0.0,0.0,0,0.0,0.0,32.8,12.6,137.8,1.1,0.0,0.0,0.0,0.0,0.0,0.0,0.0,0.0,0.0,0.0,0
Grant Calcaterra,PHI,0.0,0.0,0,0.0,0.0,0.0,0,0.0,0.0,32.3,13.0,136.6,1.0,0.0,0.0,0.0,0.0,0.0,0.0,0.0,0.0,0.0,0.0,0
Emari Demercado,ARI,0.0,0.0,0,0.0,0.0,18.7,122.1,0.7,0.0,32.1,9.1,61.8,0.1,0.0,0.0,0.0,0.0,0.0,0.0,0.0,0.0,0.0,0.0,0
Jordan James,SF,0.0,0.0,0,0.0,0.0,26.9,169.8,1.3,0.0,32.1,4.0,34.9,0.0,0.0,0.0,0.0,0.0,0.0,0.0,0.0,0.0,0.0,0.0,0
Julian Hill,MIA,0.0,0.0,0,0.0,0.0,0.0,0,0.0,0.4,31.5,14.0,126.7,0.9,0.0,0.0,0.0,0.0,0.0,0.0,0.0,0.0,0.0,0.0,0
Xavier Restrepo,TEN,0.0,0.0,0,0.0,0.0,0.0,3.0,0.0,0.0,31.4,12.0,131.0,1.0,0.0,0.0,0.0,0.0,0.0,0.0,0.0,0.0,0.0,0.0,0
Charlie Woerner,ATL,0.0,0.0,0,0.0,0.0,0.0,0,0.0,0.0,31.1,12.9,120.2,1.1,0.0,0.0,0.0,0.0,0.0,0.0,0.0,0.0,0.0,0.0,0
Tank Dell,HOU,0.0,0.0,0,0.0,0.0,0.0,2.0,0.0,0.0,31.1,11.0,139.0,1.0,0.0,0.0,0.0,0.0,0.0,0.0,0.0,0.0,0.0,0.0,0
Lil'Jordan Humphrey,NYG,0.0,0.0,0,0.0,0.0,0.0,0.0,0.0,0.0,30.6,12.0,126.0,1.0,0.0,0.0,0.0,0.0,0.0,0.0,0.0,0.0,0.0,0.0,0
Michael Gallup,WAS,0.0,0.0,0,0.0,0.0,0.0,0.0,0.0,0.0,30.5,11.5,129.9,1.0,0.0,0.0,0.0,0.0,0.0,0.0,0.0,0.0,0.0,0.0,0
Jacory Croskey-Merritt,WAS,0.0,0.0,0,0.0,0.0,26.4,151.6,1.2,0.0,30.4,4.4,32.7,0.1,0.0,0.0,0.0,0.0,0.0,0.0,0.0,0.0,0.0,0.0,0
Johnny Mundt,JAC,0.0,0.0,0,0.0,0.0,0.0,0,0.0,0.0,30.3,13.4,118.2,0.8,0.0,0.0,0.0,0.0,0.0,0.0,0.0,0.0,0.0,0.0,0
Elijah Higgins,ARI,0.0,0.0,0,0.0,0.0,0.0,0,0.0,0.0,30.2,12.2,116.8,1.1,0.0,0.0,0.0,0.0,0.0,0.0,0.0,0.0,0.0,0.0,0
Drew Ogletree,IND,0.0,0.0,0,0.0,0.0,0.0,0,0.0,0.0,30.2,10.2,123.5,1.3,0.0,0.0,0.0,0.0,0.0,0.0,0.0,0.0,0.0,0.0,0
Jake Briningstool,KC,0.0,0.0,0,0.0,0.0,0.0,0,0.0,0.0,30.1,12.0,121.0,1.0,0.0,0.0,0.0,0.0,0.0,0.0,0.0,0.0,0.0,0.0,0
Darnell Washington,PIT,0.0,0.0,0,0.0,0.0,0.0,0,0.0,0.0,29.4,12.5,125.8,0.7,0.0,0.0,0.0,0.0,0.0,0.0,0.0,0.0,0.0,0.0,0
Jaylin Lane,WAS,0.0,0.0,0,0.0,0.0,2.2,13.5,0.1,0.1,29.1,10.4,120.0,0.8,0.0,0.0,0.0,0.0,0.0,0.0,0.0,0.0,0.0,0.0,0
Jha'Quan Jackson,TEN,0.0,0.0,0,0.0,0.0,0.0,1.7,0.0,0.5,29.1,11.4,138.2,0.8,0.0,0.0,0.0,0.0,0.0,0.0,0.0,0.0,0.0,0.0,0
Kye Robichaux,DET,0.0,0.0,0,0.0,0.0,36.0,172.0,1.0,0.0,29.0,3.0,28.0,0.0,0.0,0.0,0.0,0.0,0.0,0.0,0.0,0.0,0.0,0.0,0
Payne Durham,TB,0.0,0.0,0,0.0,0.0,0.0,0,0.0,0.0,28.9,11.0,108.0,1.2,0.0,0.0,0.0,0.0,0.0,0.0,0.0,0.0,0.0,0.0,0
Sterling Shepard,TB,0.0,0.0,0,0.0,0.0,0.0,1.7,0.0,0.0,28.2,11.1,111.1,1.0,0.0,0.0,0.0,0.0,0.0,0.0,0.0,0.0,0.0,0.0,0
Erik Ezukanma,MIA,0.0,0.0,0,0.0,0.0,0.0,0.0,0.0,0.0,28.2,10.9,125.6,0.8,0.0,0.0,0.0,0.0,0.0,0.0,0.0,0.0,0.0,0.0,0
Quez Watkins,ARI,0.0,0.0,0,0.0,0.0,0.0,0.0,0.0,0.0,28.0,10.7,127.3,0.8,0.0,0.0,0.0,0.0,0.0,0.0,0.0,0.0,0.0,0.0,0
DJ Chark Jr.,ATL,0.0,0.0,0,0.0,0.0,0.0,0.0,0.0,0.0,27.9,9.4,129.3,0.9,0.0,0.0,0.0,0.0,0.0,0.0,0.0,0.0,0.0,0.0,0
Colby Parkinson,LAR,0.0,0.0,0,0.0,0.0,0.0,0,0.0,0.0,27.8,11.3,114.2,0.9,0.0,0.0,0.0,0.0,0.0,0.0,0.0,0.0,0.0,0.0,0
Jordan Murray,CHI,0.0,0.0,0,0.0,0.0,0.0,0,0.0,0.0,27.4,11.0,104.0,1.0,0.0,0.0,0.0,0.0,0.0,0.0,0.0,0.0,0.0,0.0,0
Ollie Gordon II,MIA,0.0,0.0,0,0.0,0.0,34.2,144.6,1.1,0.4,27.2,3.9,28.9,0.1,0.0,0.0,0.0,0.0,0.0,0.0,0.0,0.0,0.0,0.0,0
Amar Johnson,GB,0.0,0.0,0,0.0,0.0,35.0,165.0,1.0,0.0,27.1,2.0,26.0,0.0,0.0,0.0,0.0,0.0,0.0,0.0,0.0,0.0,0.0,0.0,0
Lucas Krull,DEN,0.0,0.0,0,0.0,0.0,0.0,0,0.0,0.0,27.1,11.6,112.1,0.7,0.0,0.0,0.0,0.0,0.0,0.0,0.0,0.0,0.0,0.0,0
Jalen Milroe,SEA,14.3,9.0,172.5,1.0,1.0,23.7,113.5,1.0,0.3,26.6,0.0,0,0.0,0.0,0.0,0.0,0.0,0.0,0.0,0.0,0.0,0.0,0.0,0
Cam Akers,NO,0.0,0.0,0,0.0,0.0,36.1,133.4,1.0,0.0,26.3,3.7,27.1,0.1,0.0,0.0,0.0,0.0,0.0,0.0,0.0,0.0,0.0,0.0,0
Drew Sample,CIN,0.0,0.0,0,0.0,0.0,0.0,0,0.0,0.0,26.0,11.6,94.8,0.8,0.0,0.0,0.0,0.0,0.0,0.0,0.0,0.0,0.0,0.0,0
Connor Heyward,PIT,0.0,0.0,0,0.0,0.0,0.0,0,0.0,0.0,25.9,10.2,87.6,1.2,0.0,0.0,0.0,0.0,0.0,0.0,0.0,0.0,0.0,0.0,0
Parris Campbell,DAL,0.0,0.0,0,0.0,0.0,0.0,0.0,0.0,0.0,25.4,11.0,105.0,0.7,0.0,0.0,0.0,0.0,0.0,0.0,0.0,0.0,0.0,0.0,0
Simi Fehoko,ARI,0.0,0.0,0,0.0,0.0,0.0,0.0,0.0,0.0,25.4,9.3,111.9,0.8,0.0,0.0,0.0,0.0,0.0,0.0,0.0,0.0,0.0,0.0,0
Nick Nash,ATL,0.0,0.0,0,0.0,0.0,0.0,0.0,0.0,0.0,25.3,12.0,133.0,0.0,0.0,0.0,0.0,0.0,0.0,0.0,0.0,0.0,0.0,0.0,0
Nate Adkins,DEN,0.0,0.0,0,0.0,0.0,0.0,0,0.0,0.0,24.9,8.5,69.3,1.6,0.0,0.0,0.0,0.0,0.0,0.0,0.0,0.0,0.0,0.0,0
Tyler Goodson,IND,0.0,0.0,0,0.0,0.0,17.0,87.7,0.7,0.0,24.7,6.0,39.3,0.3,0.0,0.0,0.0,0.0,0.0,0.0,0.0,0.0,0.0,0.0,0
Jelani Woods,IND,0.0,0.0,0,0.0,0.0,0.0,0,0.0,0.0,24.7,7.0,117.0,1.0,0.0,0.0,0.0,0.0,0.0,0.0,0.0,0.0,0.0,0.0,0
Michael Carter,ARI,0.0,0.0,0,0.0,0.0,9.6,68.9,0.5,0.0,24.4,7.6,51.9,0.3,0.0,0.0,0.0,0.0,0.0,0.0,0.0,0.0,0.0,0.0,0
Quintin Morris,JAC,0.0,0.0,0,0.0,0.0,0.0,0,0.0,0.0,24.3,10.3,93.7,0.8,0.0,0.0,0.0,0.0,0.0,0.0,0.0,0.0,0.0,0.0,0
Chris Brooks,GB,0.0,0.0,0,0.0,0.0,24.1,112.9,0.8,0.0,24.0,4.7,29.8,0.0,0.0,0.0,0.0,0.0,0.0,0.0,0.0,0.0,0.0,0.0,0
KhaDarel Hodge,ATL,0.0,0.0,0,0.0,0.0,0.0,0.0,0.0,0.1,24.0,8.8,114.0,0.6,0.0,0.0,0.0,0.0,0.0,0.0,0.0,0.0,0.0,0.0,0
DeAndre Carter,CLE,0.0,0.0,0,0.0,0.0,0.0,0.0,0.0,0.5,23.7,9.9,118.8,0.5,0.0,0.0,0.0,0.0,0.0,0.0,0.0,0.0,0.0,0.0,0
Pierre Strong Jr.,CLE,0.0,0.0,0,0.0,0.0,25.2,83.2,0.3,0.0,23.6,6.9,52.6,0.2,0.0,0.0,0.0,0.0,0.0,0.0,0.0,0.0,0.0,0.0,0
Stone Smartt,NYJ,0.0,0.0,0,0.0,0.0,0.0,0,0.0,0.3,23.1,9.2,103.4,0.7,0.0,0.0,0.0,0.0,0.0,0.0,0.0,0.0,0.0,0.0,0
Ty Chandler,MIN,0.0,0.0,0,0.0,0.0,16.6,89.8,0.6,0.0,23.1,5.6,39.5,0.2,0.0,0.0,0.0,0.0,0.0,0.0,0.0,0.0,0.0,0.0,0
Tanner Hudson,CIN,0.0,0.0,0,0.0,0.0,0.0,0,0.0,0.1,22.9,9.8,90.1,0.7,0.0,0.0,0.0,0.0,0.0,0.0,0.0,0.0,0.0,0.0,0
Clyde Edwards-Helaire,NO,0.0,0.0,0,0.0,0.0,35.2,108.5,0.5,0.1,22.5,4.3,32.0,0.2,0.0,0.0,0.0,0.0,0.0,0.0,0.0,0.0,0.0,0.0,0
Ameer Abdullah,SF,0.0,0.0,0,0.0,0.0,0.0,47.5,0.5,0.0,21.9,6.5,46.0,0.5,0.0,0.0,0.0,0.0,0.0,0.0,0.0,0.0,0.0,0.0,0
David Moore,CAR,0.0,0.0,0,0.0,0.0,0.0,0.0,0.0,0.0,21.7,7.8,100.4,0.6,0.0,0.0,0.0,0.0,0.0,0.0,0.0,0.0,0.0,0.0,0
Jamal Agnew,ATL,0.0,0.0,0,0.0,0.0,0.0,0.0,0.0,0.0,21.5,8.4,87.1,0.7,0.0,0.0,0.0,0.0,0.0,0.0,0.0,0.0,0.0,0.0,0
Hunter Long,JAC,0.0,0.0,0,0.0,0.0,0.0,0,0.0,0.0,21.4,9.9,89.1,0.4,0.0,0.0,0.0,0.0,0.0,0.0,0.0,0.0,0.0,0.0,0
Charlie Kolar,BAL,0.0,0.0,0,0.0,0.0,0.0,0,0.0,0.0,21.4,7.7,89.7,0.8,0.0,0.0,0.0,0.0,0.0,0.0,0.0,0.0,0.0,0.0,0
Alec Ingold,MIA,0.0,0.0,0,0.0,0.0,11.0,21.9,0.8,0.4,21.3,7.4,53.3,0.4,0.0,0.0,0.0,0.0,0.0,0.0,0.0,0.0,0.0,0.0,0
KeAndre Lambert-Smith,LAC,0.0,0.0,0,0.0,0.0,0.0,0.0,0.0,0.0,21.3,7.8,97.6,0.6,0.0,0.0,0.0,0.0,0.0,0.0,0.0,0.0,0.0,0.0,0
Pharaoh Brown,MIA,0.0,0.0,0,0.0,0.0,0.0,0,0.0,0.0,21.2,9.4,89.2,0.5,0.0,0.0,0.0,0.0,0.0,0.0,0.0,0.0,0.0,0.0,0
Ainias Smith,PHI,0.0,0.0,0,0.0,0.0,0.0,0.0,0.0,0.0,21.2,8.2,91.8,0.6,0.0,0.0,0.0,0.0,0.0,0.0,0.0,0.0,0.0,0.0,0
Tylan Wallace,BAL,0.0,0.0,0,0.0,0.0,0.0,1.7,0.0,0.0,20.8,6.7,88.5,0.9,0.0,0.0,0.0,0.0,0.0,0.0,0.0,0.0,0.0,0.0,0
Dare Ogunbowale,HOU,0.0,0.0,0,0.0,0.0,4.3,28.8,0.1,0.0,20.8,8.3,61.3,0.5,0.0,0.0,0.0,0.0,0.0,0.0,0.0,0.0,0.0,0.0,0
Craig Reynolds,DET,0.0,0.0,0,0.0,0.0,8.5,41.3,0.1,0.0,20.4,7.3,59.0,0.4,0.0,0.0,0.0,0.0,0.0,0.0,0.0,0.0,0.0,0.0,0
Michael Burton,DEN,0.0,0.0,0,0.0,0.0,6.7,14.6,0.6,0.0,20.1,7.1,45.6,0.6,0.0,0.0,0.0,0.0,0.0,0.0,0.0,0.0,0.0,0.0,0
Mitchell Evans,CAR,0.0,0.0,0,0.0,0.0,0.0,0,0.0,0.0,20.0,8.0,77.8,0.7,0.0,0.0,0.0,0.0,0.0,0.0,0.0,0.0,0.0,0.0,0
Patrick Taylor Jr.,SF,0.0,0.0,0,0.0,0.0,29.1,96.6,0.4,0.0,19.8,3.9,28.9,0.2,0.0,0.0,0.0,0.0,0.0,0.0,0.0,0.0,0.0,0.0,0
Damien Martinez,SEA,0.0,0.0,0,0.0,0.0,8.6,103.0,0.6,0.0,19.3,3.0,22.0,0.0,0.0,0.0,0.0,0.0,0.0,0.0,0.0,0.0,0.0,0.0,0
Tez Johnson,TB,0.0,0.0,0,0.0,0.0,0.0,2.0,0.0,0.0,19.3,7.1,86.7,0.6,0.0,0.0,0.0,0.0,0.0,0.0,0.0,0.0,0.0,0.0,0
Tim Jones,MIN,0.0,0.0,0,0.0,0.0,0.0,0.0,0.0,0.0,19.3,7.0,81.4,0.7,0.0,0.0,0.0,0.0,0.0,0.0,0.0,0.0,0.0,0.0,0
John Metchie III,HOU,0.0,0.0,0,0.0,0.0,0.0,0.7,0.0,0.0,19.2,7.3,79.2,0.7,0.0,0.0,0.0,0.0,0.0,0.0,0.0,0.0,0.0,0.0,0
Michael Woods II,CLE,0.0,0.0,0,0.0,0.0,0.0,0.0,0.0,0.0,19.2,7.2,84.7,0.6,0.0,0.0,0.0,0.0,0.0,0.0,0.0,0.0,0.0,0.0,0
Kalel Mullings,TEN,0.0,0.0,0,0.0,0.0,8.3,100.7,0.6,0.0,19.1,3.0,21.8,0.0,0.0,0.0,0.0,0.0,0.0,0.0,0.0,0.0,0.0,0.0,0
Chris Rodriguez Jr.,WAS,0.0,0.0,0,0.0,0.0,19.9,101.0,0.9,0.0,19.0,1.8,13.6,0.0,0.0,0.0,0.0,0.0,0.0,0.0,0.0,0.0,0.0,0.0,0
Justin Watson,HOU,0.0,0.0,0,0.0,0.0,0.0,0.0,0.0,0.0,19.0,6.4,89.2,0.6,0.0,0.0,0.0,0.0,0.0,0.0,0.0,0.0,0.0,0.0,0
Montrell Johnson Jr.,PHI,0.0,0.0,0,0.0,0.0,0.0,95.0,1.0,0.0,18.9,2.0,14.0,0.0,0.0,0.0,0.0,0.0,0.0,0.0,0.0,0.0,0.0,0.0,0
Mason Rudolph,PIT,20.4,13.5,151.7,0.9,0.7,18.8,67.8,0.5,0.0,18.7,0.0,0,0.0,0.0,0.0,0.0,0.0,0.0,0.0,0.0,0.0,0.0,0.0,0
Devin Culp,TB,0.0,0.0,0,0.0,0.0,0.0,0,0.0,0.0,18.7,7.3,78.3,0.6,0.0,0.0,0.0,0.0,0.0,0.0,0.0,0.0,0.0,0.0,0
Tip Reiman,ARI,0.0,0.0,0,0.0,0.0,0.0,0,0.0,0.0,18.5,7.3,67.3,0.7,0.0,0.0,0.0,0.0,0.0,0.0,0.0,0.0,0.0,0.0,0
Brevyn Spann-Ford,DAL,0.0,0.0,0,0.0,0.0,0.0,0,0.0,0.0,18.1,7.3,71.4,0.6,0.0,0.0,0.0,0.0,0.0,0.0,0.0,0.0,0.0,0.0,0
Gavin Bartholomew,MIN,0.0,0.0,0,0.0,0.0,0.0,0,0.0,0.0,18.0,7.0,75.0,0.6,0.0,0.0,0.0,0.0,0.0,0.0,0.0,0.0,0.0,0.0,0
Cody White,SEA,0.0,0.0,0,0.0,0.0,0.0,0.0,0.0,0.0,17.9,6.8,79.9,0.5,0.0,0.0,0.0,0.0,0.0,0.0,0.0,0.0,0.0,0.0,0
Dareke Young,SEA,0.0,0.0,0,0.0,0.0,0.0,0.0,0.0,0.0,17.8,6.8,79.9,0.5,0.0,0.0,0.0,0.0,0.0,0.0,0.0,0.0,0.0,0.0,0
Malik Willis,GB,23.4,14.8,179.9,1.1,0.3,6.1,35.5,0.5,0.0,17.7,0.0,0,0.0,0.0,0.0,0.0,0.0,0.0,0.0,0.0,0.0,0.0,0.0,0
Giovanni Ricci,MIN,0.0,0.0,0,0.0,0.0,0.0,0,0.0,0.0,17.6,8.0,96.0,0.0,0.0,0.0,0.0,0.0,0.0,0.0,0.0,0.0,0.0,0.0,0
Cedrick Wilson Jr.,NO,0.0,0.0,0,0.0,0.0,0.0,0.0,0.0,0.0,17.6,6.9,77.1,0.5,0.0,0.0,0.0,0.0,0.0,0.0,0.0,0.0,0.0,0.0,0
Teagan Quitoriano,ATL,0.0,0.0,0,0.0,0.0,0.0,0,0.0,0.0,17.5,5.5,89.5,0.5,0.0,0.0,0.0,0.0,0.0,0.0,0.0,0.0,0.0,0.0,0
Jared Wiley,KC,0.0,0.0,0,0.0,0.0,0.0,0,0.0,0.0,17.5,7.0,70.1,0.6,0.0,0.0,0.0,0.0,0.0,0.0,0.0,0.0,0.0,0.0,0
Carson Steele,KC,0.0,0.0,0,0.0,0.0,27.3,83.7,0.6,1.0,17.3,4.6,25.6,0.1,0.0,0.0,0.0,0.0,0.0,0.0,0.0,0.0,0.0,0.0,0
Jaheim Bell,NE,0.0,0.0,0,0.0,0.0,0.0,0,0.0,0.0,17.2,7.1,71.2,0.5,0.0,0.0,0.0,0.0,0.0,0.0,0.0,0.0,0.0,0.0,0
Lawrence Cager,WAS,0.0,0.0,0,0.0,0.0,0.0,0,0.0,0.0,17.2,5.5,57.0,1.0,0.0,0.0,0.0,0.0,0.0,0.0,0.0,0.0,0.0,0.0,0
Tanner McLachlan,CIN,0.0,0.0,0,0.0,0.0,0.0,0,0.0,0.0,16.9,7.0,68.5,0.5,0.0,0.0,0.0,0.0,0.0,0.0,0.0,0.0,0.0,0.0,0
Bo Melton,GB,0.0,0.0,0,0.0,0.0,0.0,0.0,0.0,0.0,16.9,6.2,73.9,0.6,0.0,0.0,0.0,0.0,0.0,0.0,0.0,0.0,0.0,0.0,0
Ben Skowronek,PIT,0.0,0.0,0,0.0,0.0,0.0,0.0,0.0,0.0,16.8,6.5,72.1,0.5,0.0,0.0,0.0,0.0,0.0,0.0,0.0,0.0,0.0,0.0,0
C.J. Ham,MIN,0.0,0.0,0,0.0,0.0,3.0,13.6,1.0,0.0,16.6,5.3,34.8,0.1,0.0,0.0,0.0,0.0,0.0,0.0,0.0,0.0,0.0,0.0,0
Devontez Walker,BAL,0.0,0.0,0,0.0,0.0,0.0,1.7,0.0,0.0,16.4,5.2,73.1,0.6,0.0,0.0,0.0,0.0,0.0,0.0,0.0,0.0,0.0,0.0,0
Cam Grandy,CIN,0.0,0.0,0,0.0,0.0,0.0,0,0.0,0.0,16.1,7.0,61.2,0.5,0.0,0.0,0.0,0.0,0.0,0.0,0.0,0.0,0.0,0.0,0
Charlie Jones,CIN,0.0,0.0,0,0.0,0.0,0.0,0.0,0.0,0.0,16.0,6.0,70.7,0.5,0.0,0.0,0.0,0.0,0.0,0.0,0.0,0.0,0.0,0.0,0
Jameis Winston,NYG,29.0,18.3,255.3,1.5,1.3,2.3,10.5,0.0,0.0,16.0,0.0,0,0.0,0.0,0.0,0.0,0.0,0.0,0.0,0.0,0.0,0.0,0.0,0
Rasheen Ali,BAL,0.0,0.0,0,0.0,0.0,5.2,80.8,0.6,0.0,16.0,2.4,17.7,0.1,0.0,0.0,0.0,0.0,0.0,0.0,0.0,0.0,0.0,0.0,0
Brenden Bates,CLE,0.0,0.0,0,0.0,0.0,0.0,0,0.0,0.0,15.8,6.5,60.9,0.5,0.0,0.0,0.0,0.0,0.0,0.0,0.0,0.0,0.0,0.0,0
Jackson Hawes,BUF,0.0,0.0,0,0.0,0.0,0.0,0,0.0,0.0,15.7,6.4,59.2,0.6,0.0,0.0,0.0,0.0,0.0,0.0,0.0,0.0,0.0,0.0,0
Eric Saubert,SEA,0.0,0.0,0,0.0,0.0,0.0,0,0.0,0.0,15.7,6.9,61.0,0.5,0.0,0.0,0.0,0.0,0.0,0.0,0.0,0.0,0.0,0.0,0
Travis Homer,CHI,0.0,0.0,0,0.0,0.0,22.3,71.6,0.3,0.0,15.7,3.3,25.2,0.1,0.0,0.0,0.0,0.0,0.0,0.0,0.0,0.0,0.0,0.0,0
Maurice Alexander,CHI,0.0,0.0,0,0.0,0.0,0.0,0.0,0.0,0.0,15.7,6.3,68.6,0.4,0.0,0.0,0.0,0.0,0.0,0.0,0.0,0.0,0.0,0.0,0
Luke Farrell,SF,0.0,0.0,0,0.0,0.0,0.0,0,0.0,0.0,15.6,6.6,64.6,0.4,0.0,0.0,0.0,0.0,0.0,0.0,0.0,0.0,0.0,0.0,0
Samori Toure,CHI,0.0,0.0,0,0.0,0.0,0.0,0.0,0.0,0.0,15.5,6.2,68.1,0.4,0.0,0.0,0.0,0.0,0.0,0.0,0.0,0.0,0.0,0.0,0
Kirk Cousins,ATL,12.8,8.3,236.0,1.4,0.8,1.7,7.6,0.3,0.7,15.3,0.0,0,0.0,0.0,0.0,0.0,0.0,0.0,0.0,0.0,0.0,0.0,0.0,0
John Bates,WAS,0.0,0.0,0,0.0,0.0,0.0,0,0.0,0.0,15.2,5.9,54.9,0.6,0.0,0.0,0.0,0.0,0.0,0.0,0.0,0.0,0.0,0.0,0
Jeremy McNichols,WAS,0.0,0.0,0,0.0,0.0,19.7,73.6,0.7,0.0,14.8,2.0,9.7,0.0,0.0,0.0,0.0,0.0,0.0,0.0,0.0,0.0,0.0,0.0,0
Raheem Blackshear,CAR,0.0,0.0,0,0.0,0.0,23.4,72.8,0.4,0.5,14.7,3.2,23.7,0.1,0.0,0.0,0.0,0.0,0.0,0.0,0.0,0.0,0.0,0.0,0
Ashton Dulin,IND,0.0,0.0,0,0.0,0.0,0.0,3.3,0.0,0.0,14.6,5.3,68.9,0.3,0.0,0.0,0.0,0.0,0.0,0.0,0.0,0.0,0.0,0.0,0
Robert Tonyan,KC,0.0,0.0,0,0.0,0.0,0.0,0,0.0,0.0,14.5,6.0,55.0,0.5,0.0,0.0,0.0,0.0,0.0,0.0,0.0,0.0,0.0,0.0,0
Sincere McCormick,LV,0.0,0.0,0,0.0,0.0,23.7,70.9,0.3,0.1,14.5,3.3,22.4,0.1,0.0,0.0,0.0,0.0,0.0,0.0,0.0,0.0,0.0,0.0,0
Travis Vokolek,ARI,0.0,0.0,0,0.0,0.0,0.0,0,0.0,0.0,14.1,5.5,55.5,0.5,0.0,0.0,0.0,0.0,0.0,0.0,0.0,0.0,0.0,0.0,0
Xavier Weaver,ARI,0.0,0.0,0,0.0,0.0,0.0,0.0,0.0,0.0,14.1,5.2,61.3,0.5,0.0,0.0,0.0,0.0,0.0,0.0,0.0,0.0,0.0,0.0,0
Julius Chestnut,TEN,0.0,0.0,0,0.0,0.0,9.9,41.3,0.1,0.0,14.0,4.7,34.3,0.2,0.0,0.0,0.0,0.0,0.0,0.0,0.0,0.0,0.0,0.0,0
Malik Heath,GB,0.0,0.0,0,0.0,0.0,0.0,0.0,0.0,0.0,14.0,5.4,60.4,0.4,0.0,0.0,0.0,0.0,0.0,0.0,0.0,0.0,0.0,0.0,0
Johnny Wilson,PHI,0.0,0.0,0,0.0,0.0,0.0,0.0,0.0,0.0,14.0,4.9,60.8,0.5,0.0,0.0,0.0,0.0,0.0,0.0,0.0,0.0,0.0,0.0,0
LeQuint Allen Jr.,JAC,0.0,0.0,0,0.0,0.0,4.0,50.9,0.6,0.0,13.6,3.0,22.0,0.0,0.0,0.0,0.0,0.0,0.0,0.0,0.0,0.0,0.0,0.0,0
Caleb Lohner,DEN,0.0,0.0,0,0.0,0.0,0.0,0,0.0,0.0,13.6,5.5,51.0,0.5,0.0,0.0,0.0,0.0,0.0,0.0,0.0,0.0,0.0,0.0,0
Kimani Vidal,LAC,0.0,0.0,0,0.0,0.0,6.7,59.0,0.5,0.0,13.4,2.7,19.4,0.0,0.0,0.0,0.0,0.0,0.0,0.0,0.0,0.0,0.0,0.0,0
Will Mallory,IND,0.0,0.0,0,0.0,0.0,0.0,0,0.0,0.0,13.1,5.1,54.3,0.4,0.0,0.0,0.0,0.0,0.0,0.0,0.0,0.0,0.0,0.0,0
Marcus Mariota,WAS,22.6,15.2,172.3,1.1,0.3,4.5,22.3,0.0,0.0,13.1,0.0,0,0.0,0.0,0.0,0.0,0.0,0.0,0.0,0.0,0.0,0.0,0.0,0
Moliki Matavao,NO,0.0,0.0,0,0.0,0.0,0.0,0,0.0,0.0,13.1,5.0,51.0,0.5,0.0,0.0,0.0,0.0,0.0,0.0,0.0,0.0,0.0,0.0,0
Durham Smythe,CHI,0.0,0.0,0,0.0,0.0,0.0,0,0.0,0.0,13.0,5.9,50.2,0.3,0.0,0.0,0.0,0.0,0.0,0.0,0.0,0.0,0.0,0.0,0
Kenny Yeboah,DET,0.0,0.0,0,0.0,0.0,0.0,0,0.0,0.0,12.8,5.3,54.4,0.3,0.0,0.0,0.0,0.0,0.0,0.0,0.0,0.0,0.0,0.0,0
Tommy Mellott,LV,0.0,0.0,0,0.0,0.0,4.0,24.1,0.2,0.0,12.6,3.7,43.6,0.2,0.0,0.0,0.0,0.0,0.0,0.0,0.0,0.0,0.0,0.0,0
Javon Baker,NE,0.0,0.0,0,0.0,0.0,0.0,0.0,0.0,0.0,12.5,4.0,55.0,0.5,0.0,0.0,0.0,0.0,0.0,0.0,0.0,0.0,0.0,0.0,0
Mecole Hardman Jr.,GB,0.0,0.0,0,0.0,0.0,0.0,3.7,0.0,0.5,12.3,4.6,50.6,0.5,0.0,0.0,0.0,0.0,0.0,0.0,0.0,0.0,0.0,0.0,0
Mac Jones,SF,25.5,16.2,197.0,1.1,0.8,2.4,9.4,0.0,0.0,12.2,0.0,0,0.0,0.0,0.0,0.0,0.0,0.0,0.0,0.0,0.0,0.0,0.0,0
Joshua Dobbs,NE,24.5,15.8,175.1,1.1,0.8,2.5,15.7,0.0,0.0,12.0,0.0,0,0.0,0.0,0.0,0.0,0.0,0.0,0.0,0.0,0.0,0.0,0.0,0
Jordan Mims,TEN,0.0,0.0,0,0.0,0.0,14.8,62.1,0.3,0.0,11.9,2.0,14.1,0.1,0.0,0.0,0.0,0.0,0.0,0.0,0.0,0.0,0.0,0.0,0
Zach Wilson,MIA,22.9,14.8,164.8,1.1,0.4,3.4,12.2,0.0,0.0,11.7,0.0,0,0.0,0.0,0.0,0.0,0.0,0.0,0.0,0.0,0.0,0.0,0.0,0
Ross Dwelley,SF,0.0,0.0,0,0.0,0.0,0.0,0,0.0,0.0,11.7,4.0,56.7,0.3,0.0,0.0,0.0,0.0,0.0,0.0,0.0,0.0,0.0,0.0,0
Chris Manhertz,NYG,0.0,0.0,0,0.0,0.0,0.0,0,0.0,0.0,11.5,4.9,43.3,0.4,0.0,0.0,0.0,0.0,0.0,0.0,0.0,0.0,0.0,0.0,0
Dee Eskridge,MIA,0.0,0.0,0,0.0,0.0,0.0,0.0,0.0,0.0,11.5,4.5,50.8,0.3,0.0,0.0,0.0,0.0,0.0,0.0,0.0,0.0,0.0,0.0,0
Gardner Minshew II,KC,21.4,14.3,172.8,1.3,0.5,2.4,9.7,0.0,0.7,11.3,0.0,0,0.0,0.0,0.0,0.0,0.0,0.0,0.0,0.0,0.0,0.0,0.0,0
Jimmy Garoppolo,LAR,22.9,14.6,173.7,1.1,0.5,1.4,6.1,0.0,0.0,11.3,0.0,0,0.0,0.0,0.0,0.0,0.0,0.0,0.0,0.0,0.0,0.0,0.0,0
Jake Browning,CIN,16.1,11.0,150.0,1.1,0.4,1.7,11.2,0.0,0.0,11.2,0.0,0,0.0,0.0,0.0,0.0,0.0,0.0,0.0,0.0,0.0,0.0,0.0,0
DeeJay Dallas,ARI,0.0,0.0,0,0.0,0.0,5.8,30.2,0.1,0.5,11.2,4.8,33.1,0.1,0.0,0.0,0.0,0.0,0.0,0.0,0.0,0.0,0.0,0.0,0
Tyrod Taylor,NYJ,18.8,11.8,146.3,0.7,0.9,4.9,21.0,0.2,0.0,11.1,0.0,0,0.0,0.0,0.0,0.0,0.0,0.0,0.0,0.0,0.0,0.0,0.0,0
Aidan O'Connell,LV,25.1,16.3,186.4,1.1,0.5,2.0,6.1,0.0,0.3,11.1,0.0,0,0.0,0.0,0.0,0.0,0.0,0.0,0.0,0.0,0.0,0.0,0.0,0
Jonathan Mingo,DAL,0.0,0.0,0,0.0,0.0,0.0,0.0,0.0,0.0,11.1,4.5,53.9,0.2,0.0,0.0,0.0,0.0,0.0,0.0,0.0,0.0,0.0,0.0,0
Deuce Vaughn,DAL,0.0,0.0,0,0.0,0.0,9.0,35.3,0.1,0.0,10.9,3.5,25.0,0.1,0.0,0.0,0.0,0.0,0.0,0.0,0.0,0.0,0.0,0.0,0
Patrick Ricard,BAL,0.0,0.0,0,0.0,0.0,4.1,11.5,0.1,0.0,10.8,3.4,27.7,0.5,0.0,0.0,0.0,0.0,0.0,0.0,0.0,0.0,0.0,0.0,0
Ian Thomas,LV,0.0,0.0,0,0.0,0.0,0.0,0,0.0,0.0,10.7,4.8,46.9,0.2,0.0,0.0,0.0,0.0,0.0,0.0,0.0,0.0,0.0,0.0,0
Israel Abanikanda,GB,0.0,0.0,0,0.0,0.0,13.3,55.2,0.4,0.0,10.6,1.3,10.7,0.1,0.0,0.0,0.0,0.0,0.0,0.0,0.0,0.0,0.0,0.0,0
Davis Allen,LAR,0.0,0.0,0,0.0,0.0,0.0,0,0.0,0.0,10.6,4.7,45.3,0.2,0.0,0.0,0.0,0.0,0.0,0.0,0.0,0.0,0.0,0.0,0
Dante Pettis,NO,0.0,0.0,0,0.0,0.0,2.1,6.7,0.0,0.0,10.4,3.9,45.8,0.2,0.0,0.0,0.0,0.0,0.0,0.0,0.0,0.0,0.0,0.0,0
Jacoby Brissett,ARI,20.8,13.8,164.5,0.8,0.5,2.4,11.4,0.0,0.0,10.4,0.0,0,0.0,0.0,0.0,0.0,0.0,0.0,0.0,0.0,0.0,0.0,0.0,0
Nick Mullens,JAC,14.0,9.5,144.8,1.1,0.7,2.1,8.7,0.0,0.0,10.2,0.0,0,0.0,0.0,0.0,0.0,0.0,0.0,0.0,0.0,0.0,0.0,0.0,0
Kendric Pryor,CIN,0.0,0.0,0,0.0,0.0,0.0,0.0,0.0,0.0,10.2,3.9,42.4,0.3,0.0,0.0,0.0,0.0,0.0,0.0,0.0,0.0,0.0,0.0,0
Hassan Haskins,LAC,0.0,0.0,0,0.0,0.0,15.5,39.3,0.3,0.0,10.1,1.0,11.3,0.3,0.0,0.0,0.0,0.0,0.0,0.0,0.0,0.0,0.0,0.0,0
Treylon Burks,TEN,0.0,0.0,0,0.0,0.0,2.1,12.4,0.1,0.0,10.1,3.1,41.9,0.2,0.0,0.0,0.0,0.0,0.0,0.0,0.0,0.0,0.0,0.0,0
Joe Milton III,DAL,15.9,10.4,138.1,0.8,0.4,2.2,15.7,0.0,0.0,9.7,0.0,0,0.0,0.0,0.0,0.0,0.0,0.0,0.0,0.0,0.0,0.0,0.0,0
Ronnie Rivers,LAR,0.0,0.0,0,0.0,0.0,22.7,71.0,0.3,0.0,9.7,0.3,2.3,0.0,0.0,0.0,0.0,0.0,0.0,0.0,0.0,0.0,0.0,0.0,0
Frank Gore Jr.,BUF,0.0,0.0,0,0.0,0.0,10.2,42.8,0.2,0.0,9.7,1.9,14.9,0.1,0.0,0.0,0.0,0.0,0.0,0.0,0.0,0.0,0.0,0.0,0
Jashaun Corbin,ATL,0.0,0.0,0,0.0,0.0,9.3,40.2,0.3,0.1,9.7,2.1,14.2,0.1,0.0,0.0,0.0,0.0,0.0,0.0,0.0,0.0,0.0,0.0,0
Trishton Jackson,ARI,0.0,0.0,0,0.0,0.0,0.0,0.0,0.0,0.0,9.6,3.5,40.6,0.3,0.0,0.0,0.0,0.0,0.0,0.0,0.0,0.0,0.0,0.0,0
Devin Duvernay,CHI,0.0,0.0,0,0.0,0.0,0.0,3.7,0.0,0.5,9.5,4.5,42.2,0.2,0.0,0.0,0.0,0.0,0.0,0.0,0.0,0.0,0.0,0.0,0
Gary Brightwell,CIN,0.0,0.0,0,0.0,0.0,8.1,33.8,0.2,0.0,9.4,2.4,16.9,0.1,0.0,0.0,0.0,0.0,0.0,0.0,0.0,0.0,0.0,0.0,0
Jalen Brooks,DAL,0.0,0.0,0,0.0,0.0,0.0,0.0,0.0,0.0,9.2,3.4,41.7,0.3,0.0,0.0,0.0,0.0,0.0,0.0,0.0,0.0,0.0,0.0,0
Hendon Hooker,DET,13.7,9.2,141.6,0.7,0.4,2.6,9.4,0.0,0.0,9.2,0.0,0,0.0,0.0,0.0,0.0,0.0,0.0,0.0,0.0,0.0,0.0,0.0,0
Hunter Luepke,DAL,0.0,0.0,0,0.0,0.0,4.2,14.6,0.1,0.0,9.0,3.9,28.3,0.1,0.0,0.0,0.0,0.0,0.0,0.0,0.0,0.0,0.0,0.0,0
Irv Smith Jr.,HOU,0.0,0.0,0,0.0,0.0,0.0,0,0.0,0.0,9.0,4.0,33.8,0.3,0.0,0.0,0.0,0.0,0.0,0.0,0.0,0.0,0.0,0.0,0
Mitchell Trubisky,BUF,13.1,8.2,132.5,0.7,0.4,2.6,10.5,0.0,0.0,8.9,0.0,0,0.0,0.0,0.0,0.0,0.0,0.0,0.0,0.0,0.0,0.0,0.0,0
Cooper Rush,BAL,12.1,8.1,134.9,0.8,0.4,3.1,13.4,0.0,0.4,8.7,0.0,0,0.0,0.0,0.0,0.0,0.0,0.0,0.0,0.0,0.0,0.0,0.0,0
Tucker Fisk,LAC,0.0,0.0,0,0.0,0.0,0.0,0,0.0,0.0,8.7,3.3,30.5,0.4,0.0,0.0,0.0,0.0,0.0,0.0,0.0,0.0,0.0,0.0,0
Davis Mills,HOU,14.0,8.4,129.0,0.7,0.4,2.1,8.6,0.0,0.0,8.6,0.0,0,0.0,0.0,0.0,0.0,0.0,0.0,0.0,0.0,0.0,0.0,0.0,0
Eric Gray,NYG,0.0,0.0,0,0.0,0.0,11.9,42.7,0.2,0.5,8.6,2.3,17.5,0.1,0.0,0.0,0.0,0.0,0.0,0.0,0.0,0.0,0.0,0.0,0
Jarrett Stidham,DEN,13.8,9.2,126.9,0.8,0.4,2.2,9.5,0.0,0.0,8.6,0.0,0,0.0,0.0,0.0,0.0,0.0,0.0,0.0,0.0,0.0,0.0,0.0,0
Jordan Watkins,SF,0.0,0.0,0,0.0,0.0,4.4,13.3,0.1,0.0,8.5,2.6,33.4,0.1,0.0,0.0,0.0,0.0,0.0,0.0,0.0,0.0,0.0,0.0,0
Drew Lock,SEA,14.3,9.3,132.2,0.7,0.7,2.2,8.5,0.0,0.0,8.4,0.0,0,0.0,0.0,0.0,0.0,0.0,0.0,0.0,0.0,0.0,0.0,0.0,0
Tanner McKee,PHI,11.1,7.1,124.8,0.7,0.4,3.1,8.0,0.0,0.0,8.4,0.0,0,0.0,0.0,0.0,0.0,0.0,0.0,0.0,0.0,0.0,0.0,0.0,0
Chris Blair,ATL,0.0,0.0,0,0.0,0.0,0.0,0.0,0.0,0.0,8.3,3.1,35.3,0.3,0.0,0.0,0.0,0.0,0.0,0.0,0.0,0.0,0.0,0.0,0
Austin Trammell,JAC,0.0,0.0,0,0.0,0.0,0.0,0.0,0.0,0.0,8.3,3.4,40.1,0.2,0.0,0.0,0.0,0.0,0.0,0.0,0.0,0.0,0.0,0.0,0
J.J. Taylor,HOU,0.0,0.0,0,0.0,0.0,0.0,0.0,0.0,0.0,8.3,4.2,28.1,0.2,0.0,0.0,0.0,0.0,0.0,0.0,0.0,0.0,0.0,0.0,0
Dominique Dafney,CAR,0.0,0.0,0,0.0,0.0,0.0,0,0.0,0.0,8.2,3.6,35.4,0.2,0.0,0.0,0.0,0.0,0.0,0.0,0.0,0.0,0.0,0.0,0
Tyson Bagent,CHI,11.5,7.0,111.7,0.7,0.3,2.5,14.3,0.0,0.0,8.2,0.0,0,0.0,0.0,0.0,0.0,0.0,0.0,0.0,0.0,0.0,0.0,0.0,0
Scotty Miller,PIT,0.0,0.0,0,0.0,0.0,0.0,0.0,0.0,0.0,8.1,3.2,38.9,0.2,0.0,0.0,0.0,0.0,0.0,0.0,0.0,0.0,0.0,0.0,0
Andy Dalton,CAR,13.6,9.0,124.8,0.7,0.7,2.1,9.0,0.0,0.0,8.1,0.0,0,0.0,0.0,0.0,0.0,0.0,0.0,0.0,0.0,0.0,0.0,0.0,0
Scott Matlock,LAC,0.0,0.0,0,0.0,0.0,0.0,0.0,0.0,0.0,8.0,4.3,29.2,0.1,0.0,0.0,0.0,0.0,0.0,0.0,0.0,0.0,0.0,0.0,0
Zach Pascal,NYG,0.0,0.0,0,0.0,0.0,0.0,0.0,0.0,0.0,8.0,3.0,38.2,0.2,0.0,0.0,0.0,0.0,0.0,0.0,0.0,0.0,0.0,0.0,0
Kylen Granson,PHI,0.0,0.0,0,0.0,0.0,0.0,0,0.0,0.0,7.8,3.2,36.6,0.2,0.0,0.0,0.0,0.0,0.0,0.0,0.0,0.0,0.0,0.0,0
Miles Boykin,CHI,0.0,0.0,0,0.0,0.0,0.0,0.0,0.0,0.0,7.8,3.2,36.1,0.2,0.0,0.0,0.0,0.0,0.0,0.0,0.0,0.0,0.0,0.0,0
Brandon Allen,TEN,12.8,8.2,125.4,0.7,0.7,2.1,4.0,0.0,0.0,7.6,0.0,0,0.0,0.0,0.0,0.0,0.0,0.0,0.0,0.0,0.0,0.0,0.0,0
Sam Howell,MIN,14.5,8.9,105.8,0.6,0.6,2.7,11.9,0.0,0.0,7.4,0.0,0,0.0,0.0,0.0,0.0,0.0,0.0,0.0,0.0,0.0,0.0,0.0,0
Brycen Tremayne,CAR,0.0,0.0,0,0.0,0.0,0.0,0.0,0.0,0.0,7.4,3.0,33.8,0.2,0.0,0.0,0.0,0.0,0.0,0.0,0.0,0.0,0.0,0.0,0
Trey Lance,LAC,10.5,6.5,110.3,0.3,0.3,2.0,18.7,0.0,0.0,7.3,0.0,0,0.0,0.0,0.0,0.0,0.0,0.0,0.0,0.0,0.0,0.0,0.0,0
Trent Sherfield Sr.,DEN,0.0,0.0,0,0.0,0.0,0.0,0.0,0.0,0.0,7.3,3.3,35.4,0.1,0.0,0.0,0.0,0.0,0.0,0.0,0.0,0.0,0.0,0.0,0
Kyle Trask,TB,5.7,3.5,120.2,0.7,0.6,0.3,4.5,0.0,0.0,7.3,0.0,0,0.0,0.0,0.0,0.0,0.0,0.0,0.0,0.0,0.0,0.0,0.0,0
Tyler Scott,CHI,0.0,0.0,0,0.0,0.0,0.0,1.7,0.0,0.0,7.3,3.1,32.6,0.1,0.0,0.0,0.0,0.0,0.0,0.0,0.0,0.0,0.0,0.0,0
Taylor Heinicke,LAC,5.6,3.5,116.7,0.6,0.6,0.4,5.0,0.0,0.0,7.1,0.0,0,0.0,0.0,0.0,0.0,0.0,0.0,0.0,0.0,0.0,0.0,0.0,0
Xavier Gipson,NYJ,0.0,0.0,0,0.0,0.0,0.0,2.5,0.0,0.5,7.1,3.7,39.3,0.0,0.0,0.0,0.0,0.0,0.0,0.0,0.0,0.0,0.0,0.0,0
Greg Dulcich,NYG,0.0,0.0,0,0.0,0.0,0.0,0,0.0,0.0,7.1,3.0,32.9,0.1,0.0,0.0,0.0,0.0,0.0,0.0,0.0,0.0,0.0,0.0,0
Jamari Thrash,CLE,0.0,0.0,0,0.0,0.0,0.0,0.0,0.0,0.0,6.8,2.7,32.8,0.1,0.0,0.0,0.0,0.0,0.0,0.0,0.0,0.0,0.0,0.0,0
Darrynton Evans,BUF,0.0,0.0,0,0.0,0.0,5.1,21.3,0.1,0.0,6.8,1.9,15.3,0.1,0.0,0.0,0.0,0.0,0.0,0.0,0.0,0.0,0.0,0.0,0
Deshaun Watson,CLE,0.0,0.0,99.0,0.5,0.5,0.0,12.0,0.0,0.0,6.7,0.0,0,0.0,0.0,0.0,0.0,0.0,0.0,0.0,0.0,0.0,0.0,0.0,0
Britain Covey,LAR,0.0,0.0,0,0.0,0.0,2.2,13.7,0.1,0.0,6.6,1.8,21.0,0.1,0.0,0.0,0.0,0.0,0.0,0.0,0.0,0.0,0.0,0.0,0
Anthony Gould,IND,0.0,0.0,0,0.0,0.0,0.0,2.5,0.0,0.0,6.3,2.7,30.4,0.0,0.0,0.0,0.0,0.0,0.0,0.0,0.0,0.0,0.0,0.0,0
Case Keenum,CHI,14.4,8.7,91.9,0.6,0.1,1.1,2.4,0.0,0.0,6.3,0.0,0,0.0,0.0,0.0,0.0,0.0,0.0,0.0,0.0,0.0,0.0,0.0,0
Stetson Bennett IV,LAR,0.0,0.0,96.0,0.5,0.5,0.0,9.0,0.0,0.0,6.2,0.0,0,0.0,0.0,0.0,0.0,0.0,0.0,0.0,0.0,0.0,0.0,0.0,0
Desmond Ridder,CIN,0.0,0.0,97.0,0.5,0.5,0.0,4.0,0.0,0.0,5.8,0.0,0,0.0,0.0,0.0,0.0,0.0,0.0,0.0,0.0,0.0,0.0,0.0,0
Clayton Tune,ARI,9.5,6.5,91.7,0.7,0.3,2.5,4.7,0.0,0.3,5.8,0.0,0,0.0,0.0,0.0,0.0,0.0,0.0,0.0,0.0,0.0,0.0,0.0,0
Zonovan Knight,NYJ,0.0,0.0,0,0.0,0.0,2.4,10.1,0.1,0.0,5.7,2.2,15.3,0.1,0.0,0.0,0.0,0.0,0.0,0.0,0.0,0.0,0.0,0.0,0
Trey Sermon,PIT,0.0,0.0,0,0.0,0.0,5.0,20.8,0.1,0.0,5.6,1.6,11.5,0.1,0.0,0.0,0.0,0.0,0.0,0.0,0.0,0.0,0.0,0.0,0
Jimmy Horn Jr.,CAR,0.0,0.0,0,0.0,0.0,0.0,0.0,0.0,0.0,5.5,2.4,27.8,0.1,0.0,0.0,0.0,0.0,0.0,0.0,0.0,0.0,0.0,0.0,0
Elijah Dotson,ATL,0.0,0.0,0,0.0,0.0,2.6,10.9,0.1,0.0,5.5,2.0,14.1,0.1,0.0,0.0,0.0,0.0,0.0,0.0,0.0,0.0,0.0,0.0,0
Erick All Jr.,CIN,0.0,0.0,0,0.0,0.0,0.0,0,0.0,0.0,5.4,2.4,20.6,0.2,0.0,0.0,0.0,0.0,0.0,0.0,0.0,0.0,0.0,0.0,0
Jake Haener,NO,11.0,6.5,68.5,0.5,0.5,2.5,11.5,0.0,0.0,5.4,0.0,0,0.0,0.0,0.0,0.0,0.0,0.0,0.0,0.0,0.0,0.0,0.0,0
Velus Jones Jr.,NO,0.0,0.0,0,0.0,0.0,2.4,10.5,0.1,0.0,5.3,1.9,13.5,0.1,0.0,0.0,0.0,0.0,0.0,0.0,0.0,0.0,0.0,0.0,0
Terrell Jennings,NE,0.0,0.0,0,0.0,0.0,2.4,10.1,0.1,0.0,5.2,1.9,14.6,0.1,0.0,0.0,0.0,0.0,0.0,0.0,0.0,0.0,0.0,0.0,0
Isaiah Williams,CIN,0.0,0.0,0,0.0,0.0,0.0,0.0,0.0,0.0,5.1,2.0,21.0,0.2,0.0,0.0,0.0,0.0,0.0,0.0,0.0,0.0,0.0,0.0,0
Tanner Conner,MIA,0.0,0.0,0,0.0,0.0,0.0,0,0.0,0.0,5.0,2.1,20.5,0.2,0.0,0.0,0.0,0.0,0.0,0.0,0.0,0.0,0.0,0.0,0
Josh Johnson,WAS,10.5,7.5,64.5,0.5,0.0,2.5,4.0,0.0,0.0,5.0,0.0,0,0.0,0.0,0.0,0.0,0.0,0.0,0.0,0.0,0.0,0.0,0.0,0
Quinn Ewers,MIA,9.0,6.0,63.0,0.5,0.0,1.0,4.5,0.0,0.0,5.0,0.0,0,0.0,0.0,0.0,0.0,0.0,0.0,0.0,0.0,0.0,0.0,0.0,0
Rakim Jarrett,TB,0.0,0.0,0,0.0,0.0,0.0,5.0,0.0,0.0,5.0,2.0,25.0,0.0,0.0,0.0,0.0,0.0,0.0,0.0,0.0,0.0,0.0,0.0,0
Zach Davidson,BUF,0.0,0.0,0,0.0,0.0,0.0,0,0.0,0.0,4.8,1.9,19.0,0.2,0.0,0.0,0.0,0.0,0.0,0.0,0.0,0.0,0.0,0.0,0
Cam Miller,LV,9.0,6.0,62.0,0.5,0.0,1.0,3.5,0.0,0.0,4.8,0.0,0,0.0,0.0,0.0,0.0,0.0,0.0,0.0,0.0,0.0,0.0,0.0,0
Kyle McCord,PHI,6.5,4.5,51.5,0.5,0.0,1.5,7.0,0.0,0.0,4.8,0.0,0,0.0,0.0,0.0,0.0,0.0,0.0,0.0,0.0,0.0,0.0,0.0,0
Ryan Flournoy,DAL,0.0,0.0,0,0.0,0.0,0.0,0.0,0.0,0.0,4.8,1.9,20.7,0.1,0.0,0.0,0.0,0.0,0.0,0.0,0.0,0.0,0.0,0.0,0
Graham Mertz,HOU,8.5,5.5,60.0,0.5,0.0,1.0,4.0,0.0,0.0,4.8,0.0,0,0.0,0.0,0.0,0.0,0.0,0.0,0.0,0.0,0.0,0.0,0.0,0
Tyler Badie,DEN,0.0,0.0,0,0.0,0.0,0.0,20.5,0.0,0.0,4.7,1.5,11.0,0.0,0.0,0.0,0.0,0.0,0.0,0.0,0.0,0.0,0.0,0.0,0
Trey Palmer,TB,0.0,0.0,0,0.0,0.0,0.0,0.0,0.0,0.0,4.7,1.9,21.7,0.1,0.0,0.0,0.0,0.0,0.0,0.0,0.0,0.0,0.0,0.0,0
Will Howard,PIT,8.0,5.0,57.0,0.5,0.0,1.0,4.0,0.0,0.0,4.7,0.0,0,0.0,0.0,0.0,0.0,0.0,0.0,0.0,0.0,0.0,0.0,0.0,0
David Martin-Robinson,TEN,0.0,0.0,0,0.0,0.0,0.0,0,0.0,0.0,4.5,1.9,18.6,0.1,0.0,0.0,0.0,0.0,0.0,0.0,0.0,0.0,0.0,0.0,0
Laviska Shenault Jr.,BUF,0.0,0.0,0,0.0,0.0,0.0,0.0,0.0,0.0,4.5,1.8,19.5,0.1,0.0,0.0,0.0,0.0,0.0,0.0,0.0,0.0,0.0,0.0,0
Isaiah Neyor,SF,0.0,0.0,0,0.0,0.0,0.0,0.0,0.0,0.0,4.4,2.0,24.0,0.0,0.0,0.0,0.0,0.0,0.0,0.0,0.0,0.0,0.0,0.0,0
Blake Whiteheart,CLE,0.0,0.0,0,0.0,0.0,0.0,0,0.0,0.0,4.3,1.9,18.1,0.1,0.0,0.0,0.0,0.0,0.0,0.0,0.0,0.0,0.0,0.0,0
Feleipe Franks,ATL,0.0,0.0,0,0.0,0.0,0.0,0,0.0,0.0,4.3,1.8,17.7,0.1,0.0,0.0,0.0,0.0,0.0,0.0,0.0,0.0,0.0,0.0,0
Jack Stoll,NO,0.0,0.0,0,0.0,0.0,0.0,0,0.0,0.0,4.2,1.9,17.5,0.1,0.0,0.0,0.0,0.0,0.0,0.0,0.0,0.0,0.0,0.0,0
Steven Sims Jr.,SEA,0.0,0.0,0,0.0,0.0,0.0,0.0,0.0,0.0,4.2,1.7,18.0,0.1,0.0,0.0,0.0,0.0,0.0,0.0,0.0,0.0,0.0,0.0,0
Ben Yurosek,MIN,0.0,0.0,0,0.0,0.0,0.0,0,0.0,0.0,4.1,2.0,21.0,0.0,0.0,0.0,0.0,0.0,0.0,0.0,0.0,0.0,0.0,0.0,0
James Mitchell,CAR,0.0,0.0,0,0.0,0.0,0.0,0,0.0,0.0,4.1,1.8,17.8,0.1,0.0,0.0,0.0,0.0,0.0,0.0,0.0,0.0,0.0,0.0,0
Lan Larison,NE,0.0,0.0,0,0.0,0.0,0.0,14.5,0.0,0.0,4.1,1.5,11.0,0.0,0.0,0.0,0.0,0.0,0.0,0.0,0.0,0.0,0.0,0.0,0
Riley Leonard,IND,7.5,4.0,51.5,0.5,0.5,1.0,5.0,0.0,0.0,4.1,0.0,0,0.0,0.0,0.0,0.0,0.0,0.0,0.0,0.0,0.0,0.0,0.0,0
Dylan Laube,LV,0.0,0.0,0,0.0,0.0,0.0,12.5,0.0,0.0,3.9,1.5,11.0,0.0,0.0,0.0,0.0,0.0,0.0,0.0,0.0,0.0,0.0,0.0,0
David Bell,CLE,0.0,0.0,0,0.0,0.0,0.0,0.0,0.0,0.0,3.8,1.9,17.5,0.0,0.0,0.0,0.0,0.0,0.0,0.0,0.0,0.0,0.0,0.0,0
Sione Vaki,DET,0.0,0.0,0,0.0,0.0,0.0,11.0,0.0,0.0,3.8,1.5,11.5,0.0,0.0,0.0,0.0,0.0,0.0,0.0,0.0,0.0,0.0,0.0,0
Marcus Yarns,NO,0.0,0.0,0,0.0,0.0,0.0,21.0,0.0,0.0,3.8,1.0,7.0,0.0,0.0,0.0,0.0,0.0,0.0,0.0,0.0,0.0,0.0,0.0,0
Jacob Cowing,SF,0.0,0.0,0,0.0,0.0,0.0,2.5,0.0,0.0,3.5,1.1,15.6,0.1,0.0,0.0,0.0,0.0,0.0,0.0,0.0,0.0,0.0,0.0,0
LaJohntay Wester,BAL,0.0,0.0,0,0.0,0.0,0.0,0.0,0.0,0.0,3.4,1.5,18.5,0.0,0.0,0.0,0.0,0.0,0.0,0.0,0.0,0.0,0.0,0.0,0
Avery Williams,PHI,0.0,0.0,0,0.0,0.0,1.4,9.7,0.0,0.5,3.4,1.8,12.7,0.1,0.0,0.0,0.0,0.0,0.0,0.0,0.0,0.0,0.0,0.0,0
Xavier Smith,LAR,0.0,0.0,0,0.0,0.0,0.0,8.5,0.0,0.5,3.1,1.5,17.5,0.0,0.0,0.0,0.0,0.0,0.0,0.0,0.0,0.0,0.0,0.0,0
Braxton Berrios,HOU,0.0,0.0,0,0.0,0.0,0.0,0.0,0.0,0.0,3.1,1.5,15.5,0.0,0.0,0.0,0.0,0.0,0.0,0.0,0.0,0.0,0.0,0.0,0
Harrison Bryant,PHI,0.0,0.0,0,0.0,0.0,0.0,0,0.0,0.0,2.7,1.5,12.0,0.0,0.0,0.0,0.0,0.0,0.0,0.0,0.0,0.0,0.0,0.0,0
Keilan Robinson,PHI,0.0,0.0,0,0.0,0.0,0.0,8.5,0.0,0.0,2.6,1.0,7.0,0.0,0.0,0.0,0.0,0.0,0.0,0.0,0.0,0.0,0.0,0.0,0
Corey Kiner,SF,0.0,0.0,0,0.0,0.0,0.0,10.5,0.0,0.0,1.9,0.5,3.5,0.0,0.0,0.0,0.0,0.0,0.0,0.0,0.0,0.0,0.0,0.0,0
Carlos Washington Jr.,ATL,0.0,0.0,0,0.0,0.0,0.0,10.5,0.0,0.0,1.9,0.5,3.5,0.0,0.0,0.0,0.0,0.0,0.0,0.0,0.0,0.0,0.0,0.0,0
Donovan Edwards,NYJ,0.0,0.0,0,0.0,0.0,0.0,10.5,0.0,0.0,1.9,0.5,3.5,0.0,0.0,0.0,0.0,0.0,0.0,0.0,0.0,0.0,0.0,0.0,0
Raheim Sanders,LAC,0.0,0.0,0,0.0,0.0,0.0,10.5,0.0,0.0,1.9,0.5,3.5,0.0,0.0,0.0,0.0,0.0,0.0,0.0,0.0,0.0,0.0,0.0,0
Phil Mafah,DAL,0.0,0.0,0,0.0,0.0,0.0,10.5,0.0,0.0,1.9,0.5,3.5,0.0,0.0,0.0,0.0,0.0,0.0,0.0,0.0,0.0,0.0,0.0,0
Ihmir Smith-Marsette,NYG,0.0,0.0,0,0.0,0.0,0.0,2.5,0.0,0.5,1.4,0.8,9.5,0.1,0.0,0.0,0.0,0.0,0.0,0.0,0.0,0.0,0.0,0.0,0
Chris Moore,WAS,0.0,0.0,0,0.0,0.0,0.0,0.0,0.0,0.0,1.2,0.5,7.0,0.0,0.0,0.0,0.0,0.0,0.0,0.0,0.0,0.0,0.0,0.0,0
0,,0.0,0.0,0,0.0,0.0,0.0,0,0.0,0.0,0.0,0.0,0,0.0,0.0,0.0,0.0,0.0,0.0,0.0,0.0,0.0,0.0,0.0,0
0,,0.0,0.0,0,0.0,0.0,0.0,0,0.0,0.0,0.0,0.0,0,0.0,0.0,0.0,0.0,0.0,0.0,0.0,0.0,0.0,0.0,0.0,0
0,,0.0,0.0,0,0.0,0.0,0.0,0,0.0,0.0,0.0,0.0,0,0.0,0.0,0.0,0.0,0.0,0.0,0.0,0.0,0.0,0.0,0.0,0
0,,0.0,0.0,0,0.0,0.0,0.0,0,0.0,0.0,0.0,0.0,0,0.0,0.0,0.0,0.0,0.0,0.0,0.0,0.0,0.0,0.0,0.0,0
0,,0.0,0.0,0,0.0,0.0,0.0,0,0.0,0.0,0.0,0.0,0,0.0,0.0,0.0,0.0,0.0,0.0,0.0,0.0,0.0,0.0,0.0,0
0,,0.0,0.0,0,0.0,0.0,0.0,0,0.0,0.0,0.0,0.0,0,0.0,0.0,0.0,0.0,0.0,0.0,0.0,0.0,0.0,0.0,0.0,0
0,,0.0,0.0,0,0.0,0.0,0.0,0,0.0,0.0,0.0,0.0,0,0.0,0.0,0.0,0.0,0.0,0.0,0.0,0.0,0.0,0.0,0.0,0
0,,0.0,0.0,0,0.0,0.0,0.0,0,0.0,0.0,0.0,0.0,0,0.0,0.0,0.0,0.0,0.0,0.0,0.0,0.0,0.0,0.0,0.0,0
0,,0.0,0.0,0,0.0,0.0,0.0,0,0.0,0.0,0.0,0.0,0,0.0,0.0,0.0,0.0,0.0,0.0,0.0,0.0,0.0,0.0,0.0,0
0,,0.0,0.0,0,0.0,0.0,0.0,0,0.0,0.0,0.0,0.0,0,0.0,0.0,0.0,0.0,0.0,0.0,0.0,0.0,0.0,0.0,0.0,0
0,,0.0,0.0,0,0.0,0.0,0.0,0,0.0,0.0,0.0,0.0,0,0.0,0.0,0.0,0.0,0.0,0.0,0.0,0.0,0.0,0.0,0.0,0
0,,0.0,0.0,0,0.0,0.0,0.0,0,0.0,0.0,0.0,0.0,0,0.0,0.0,0.0,0.0,0.0,0.0,0.0,0.0,0.0,0.0,0.0,0
0,,0.0,0.0,0,0.0,0.0,0.0,0,0.0,0.0,0.0,0.0,0,0.0,0.0,0.0,0.0,0.0,0.0,0.0,0.0,0.0,0.0,0.0,0
0,,0.0,0.0,0,0.0,0.0,0.0,0,0.0,0.0,0.0,0.0,0,0.0,0.0,0.0,0.0,0.0,0.0,0.0,0.0,0.0,0.0,0.0,0
0,,0.0,0.0,0,0.0,0.0,0.0,0,0.0,0.0,0.0,0.0,0,0.0,0.0,0.0,0.0,0.0,0.0,0.0,0.0,0.0,0.0,0.0,0
0,,0.0,0.0,0,0.0,0.0,0.0,0,0.0,0.0,0.0,0.0,0,0.0,0.0,0.0,0.0,0.0,0.0,0.0,0.0,0.0,0.0,0.0,0
0,,0.0,0.0,0,0.0,0.0,0.0,0,0.0,0.0,0.0,0.0,0,0.0,0.0,0.0,0.0,0.0,0.0,0.0,0.0,0.0,0.0,0.0,0
0,,0.0,0.0,0,0.0,0.0,0.0,0,0.0,0.0,0.0,0.0,0,0.0,0.0,0.0,0.0,0.0,0.0,0.0,0.0,0.0,0.0,0.0,0
0,,0.0,0.0,0,0.0,0.0,0.0,0,0.0,0.0,0.0,0.0,0,0.0,0.0,0.0,0.0,0.0,0.0,0.0,0.0,0.0,0.0,0.0,0
Albert Okwuegbunam Jr.,LV,0.0,0.0,0,0.0,0.0,0.0,0,0.0,0.0,0.0,0.0,0.0,0.0,0.0,0.0,0.0,0.0,0.0,0.0,0.0,0.0,0.0,0.0,0
0,,0.0,0.0,0,0.0,0.0,0.0,0,0.0,0.0,0.0,0.0,0,0.0,0.0,0.0,0.0,0.0,0.0,0.0,0.0,0.0,0.0,0.0,0
0,,0.0,0.0,0,0.0,0.0,0.0,0,0.0,0.0,0.0,0.0,0,0.0,0.0,0.0,0.0,0.0,0.0,0.0,0.0,0.0,0.0,0.0,0
0,,0.0,0.0,0,0.0,0.0,0.0,0,0.0,0.0,0.0,0.0,0,0.0,0.0,0.0,0.0,0.0,0.0,0.0,0.0,0.0,0.0,0.0,0
0,,0.0,0.0,0,0.0,0.0,0.0,0,0.0,0.0,0.0,0.0,0,0.0,0.0,0.0,0.0,0.0,0.0,0.0,0.0,0.0,0.0,0.0,0
0,,0.0,0.0,0,0.0,0.0,0.0,0,0.0,0.0,0.0,0.0,0,0.0,0.0,0.0,0.0,0.0,0.0,0.0,0.0,0.0,0.0,0.0,0
0,,0.0,0.0,0,0.0,0.0,0.0,0,0.0,0.0,0.0,0.0,0,0.0,0.0,0.0,0.0,0.0,0.0,0.0,0.0,0.0,0.0,0.0,0
0,,0.0,0.0,0,0.0,0.0,0.0,0,0.0,0.0,0.0,0.0,0,0.0,0.0,0.0,0.0,0.0,0.0,0.0,0.0,0.0,0.0,0.0,0
0,,0.0,0.0,0,0.0,0.0,0.0,0,0.0,0.0,0.0,0.0,0,0.0,0.0,0.0,0.0,0.0,0.0,0.0,0.0,0.0,0.0,0.0,0
0,,0.0,0.0,0,0.0,0.0,0.0,0,0.0,0.0,0.0,0.0,0,0.0,0.0,0.0,0.0,0.0,0.0,0.0,0.0,0.0,0.0,0.0,0
0,,0.0,0.0,0,0.0,0.0,0.0,0,0.0,0.0,0.0,0.0,0,0.0,0.0,0.0,0.0,0.0,0.0,0.0,0.0,0.0,0.0,0.0,0
0,,0.0,0.0,0,0.0,0.0,0.0,0,0.0,0.0,0.0,0.0,0,0.0,0.0,0.0,0.0,0.0,0.0,0.0,0.0,0.0,0.0,0.0,0
0,,0.0,0.0,0,0.0,0.0,0.0,0,0.0,0.0,0.0,0.0,0,0.0,0.0,0.0,0.0,0.0,0.0,0.0,0.0,0.0,0.0,0.0,0
0,,0.0,0.0,0,0.0,0.0,0.0,0,0.0,0.0,0.0,0.0,0,0.0,0.0,0.0,0.0,0.0,0.0,0.0,0.0,0.0,0.0,0.0,0
0,,0.0,0.0,0,0.0,0.0,0.0,0,0.0,0.0,0.0,0.0,0,0.0,0.0,0.0,0.0,0.0,0.0,0.0,0.0,0.0,0.0,0.0,0
0,,0.0,0.0,0,0.0,0.0,0.0,0,0.0,0.0,0.0,0.0,0,0.0,0.0,0.0,0.0,0.0,0.0,0.0,0.0,0.0,0.0,0.0,0
0,,0.0,0.0,0,0.0,0.0,0.0,0,0.0,0.0,0.0,0.0,0,0.0,0.0,0.0,0.0,0.0,0.0,0.0,0.0,0.0,0.0,0.0,0
0,,0.0,0.0,0,0.0,0.0,0.0,0,0.0,0.0,0.0,0.0,0,0.0,0.0,0.0,0.0,0.0,0.0,0.0,0.0,0.0,0.0,0.0,0
0,,0.0,0.0,0,0.0,0.0,0.0,0,0.0,0.0,0.0,0.0,0,0.0,0.0,0.0,0.0,0.0,0.0,0.0,0.0,0.0,0.0,0.0,0
0,,0.0,0.0,0,0.0,0.0,0.0,0,0.0,0.0,0.0,0.0,0,0.0,0.0,0.0,0.0,0.0,0.0,0.0,0.0,0.0,0.0,0.0,0
0,,0.0,0.0,0,0.0,0.0,0.0,0,0.0,0.0,0.0,0.0,0,0.0,0.0,0.0,0.0,0.0,0.0,0.0,0.0,0.0,0.0,0.0,0
0,,0.0,0.0,0,0.0,0.0,0.0,0,0.0,0.0,0.0,0.0,0,0.0,0.0,0.0,0.0,0.0,0.0,0.0,0.0,0.0,0.0,0.0,0
0,,0.0,0.0,0,0.0,0.0,0.0,0,0.0,0.0,0.0,0.0,0,0.0,0.0,0.0,0.0,0.0,0.0,0.0,0.0,0.0,0.0,0.0,0
0,,0.0,0.0,0,0.0,0.0,0.0,0,0.0,0.0,0.0,0.0,0,0.0,0.0,0.0,0.0,0.0,0.0,0.0,0.0,0.0,0.0,0.0,0
0,,0.0,0.0,0,0.0,0.0,0.0,0,0.0,0.0,0.0,0.0,0,0.0,0.0,0.0,0.0,0.0,0.0,0.0,0.0,0.0,0.0,0.0,0
0,,0.0,0.0,0,0.0,0.0,0.0,0,0.0,0.0,0.0,0.0,0,0.0,0.0,0.0,0.0,0.0,0.0,0.0,0.0,0.0,0.0,0.0,0
0,,0.0,0.0,0,0.0,0.0,0.0,0,0.0,0.0,0.0,0.0,0,0.0,0.0,0.0,0.0,0.0,0.0,0.0,0.0,0.0,0.0,0.0,0
0,,0.0,0.0,0,0.0,0.0,0.0,0,0.0,0.0,0.0,0.0,0,0.0,0.0,0.0,0.0,0.0,0.0,0.0,0.0,0.0,0.0,0.0,0
0,,0.0,0.0,0,0.0,0.0,0.0,0,0.0,0.0,0.0,0.0,0,0.0,0.0,0.0,0.0,0.0,0.0,0.0,0.0,0.0,0.0,0.0,0
0,,0.0,0.0,0,0.0,0.0,0.0,0,0.0,0.0,0.0,0.0,0,0.0,0.0,0.0,0.0,0.0,0.0,0.0,0.0,0.0,0.0,0.0,0
Zack Kuntz,NYJ,0.0,0.0,0,0.0,0.0,0.0,0,0.0,0.0,0.0,0.0,0.0,0.0,0.0,0.0,0.0,0.0,0.0,0.0,0.0,0.0,0.0,0.0,0
0,,0.0,0.0,0,0.0,0.0,0.0,0,0.0,0.0,0.0,0.0,0,0.0,0.0,0.0,0.0,0.0,0.0,0.0,0.0,0.0,0.0,0.0,0
0,,0.0,0.0,0,0.0,0.0,0.0,0,0.0,0.0,0.0,0.0,0,0.0,0.0,0.0,0.0,0.0,0.0,0.0,0.0,0.0,0.0,0.0,0
0,,0.0,0.0,0,0.0,0.0,0.0,0,0.0,0.0,0.0,0.0,0,0.0,0.0,0.0,0.0,0.0,0.0,0.0,0.0,0.0,0.0,0.0,0
0,,0.0,0.0,0,0.0,0.0,0.0,0,0.0,0.0,0.0,0.0,0,0.0,0.0,0.0,0.0,0.0,0.0,0.0,0.0,0.0,0.0,0.0,0
0,,0.0,0.0,0,0.0,0.0,0.0,0,0.0,0.0,0.0,0.0,0,0.0,0.0,0.0,0.0,0.0,0.0,0.0,0.0,0.0,0.0,0.0,0
0,,0.0,0.0,0,0.0,0.0,0.0,0,0.0,0.0,0.0,0.0,0,0.0,0.0,0.0,0.0,0.0,0.0,0.0,0.0,0.0,0.0,0.0,0
0,,0.0,0.0,0,0.0,0.0,0.0,0,0.0,0.0,0.0,0.0,0,0.0,0.0,0.0,0.0,0.0,0.0,0.0,0.0,0.0,0.0,0.0,0
0,,0.0,0.0,0,0.0,0.0,0.0,0,0.0,0.0,0.0,0.0,0,0.0,0.0,0.0,0.0,0.0,0.0,0.0,0.0,0.0,0.0,0.0,0
0,,0.0,0.0,0,0.0,0.0,0.0,0,0.0,0.0,0.0,0.0,0,0.0,0.0,0.0,0.0,0.0,0.0,0.0,0.0,0.0,0.0,0.0,0
0,,0.0,0.0,0,0.0,0.0,0.0,0,0.0,0.0,0.0,0.0,0,0.0,0.0,0.0,0.0,0.0,0.0,0.0,0.0,0.0,0.0,0.0,0
0,,0.0,0.0,0,0.0,0.0,0.0,0,0.0,0.0,0.0,0.0,0,0.0,0.0,0.0,0.0,0.0,0.0,0.0,0.0,0.0,0.0,0.0,0
0,,0.0,0.0,0,0.0,0.0,0.0,0,0.0,0.0,0.0,0.0,0,0.0,0.0,0.0,0.0,0.0,0.0,0.0,0.0,0.0,0.0,0.0,0
0,,0.0,0.0,0,0.0,0.0,0.0,0,0.0,0.0,0.0,0.0,0,0.0,0.0,0.0,0.0,0.0,0.0,0.0,0.0,0.0,0.0,0.0,0
0,,0.0,0.0,0,0.0,0.0,0.0,0,0.0,0.0,0.0,0.0,0,0.0,0.0,0.0,0.0,0.0,0.0,0.0,0.0,0.0,0.0,0.0,0
0,,0.0,0.0,0,0.0,0.0,0.0,0,0.0,0.0,0.0,0.0,0,0.0,0.0,0.0,0.0,0.0,0.0,0.0,0.0,0.0,0.0,0.0,0
D.J. Williams,TB,0.0,0.0,0,0.0,0.0,0.0,0.0,0.0,0.0,0.0,0.0,0.0,0.0,0.0,0.0,0.0,0.0,0.0,0.0,0.0,0.0,0.0,0.0,0
Andrew Beck,NYJ,0.0,0.0,0,0.0,0.0,0.0,0.0,0.0,0.0,0.0,0.0,0.0,0.0,0.0,0.0,0.0,0.0,0.0,0.0,0.0,0.0,0.0,0.0,0
Matt Sokol,BUF,0.0,0.0,0,0.0,0.0,0.0,0,0.0,0.0,0.0,0.0,0.0,0.0,0.0,0.0,0.0,0.0,0.0,0.0,0.0,0.0,0.0,0.0,0
Kyle Allen,DET,0.0,0.0,0.0,0.0,0.0,0.0,0.0,0.0,0.0,0.0,0.0,0,0.0,0.0,0.0,0.0,0.0,0.0,0.0,0.0,0.0,0.0,0.0,0
Evan Hull,PIT,0.0,0.0,0,0.0,0.0,0.0,0.0,0.0,0.0,0.0,0.0,0.0,0.0,0.0,0.0,0.0,0.0,0.0,0.0,0.0,0.0,0.0,0.0,0
Laquon Treadwell,IND,0.0,0.0,0,0.0,0.0,0.0,0.0,0.0,0.0,0.0,0.0,0.0,0.0,0.0,0.0,0.0,0.0,0.0,0.0,0.0,0.0,0.0,0.0,0
Luke Lachey,HOU,0.0,0.0,0,0.0,0.0,0.0,0,0.0,0.0,0.0,0.0,0.0,0.0,0.0,0.0,0.0,0.0,0.0,0.0,0.0,0.0,0.0,0.0,0
Easton Stick,ATL,0.0,0.0,0.0,0.0,0.0,0.0,0.0,0.0,0.0,0.0,0.0,0,0.0,0.0,0.0,0.0,0.0,0.0,0.0,0.0,0.0,0.0,0.0,0
E.J. Jenkins,PHI,0.0,0.0,0,0.0,0.0,0.0,0,0.0,0.0,0.0,0.0,0.0,0.0,0.0,0.0,0.0,0.0,0.0,0.0,0.0,0.0,0.0,0.0,0
Mason Kinsey,TEN,0.0,0.0,0,0.0,0.0,0.0,0.0,0.0,0.0,0.0,0.0,0.0,0.0,0.0,0.0,0.0,0.0,0.0,0.0,0.0,0.0,0.0,0.0,0
Dorian Thompson-Robinson,PHI,0.0,0.0,0.0,0.0,0.0,0.0,0.0,0.0,0.0,0.0,0.0,0,0.0,0.0,0.0,0.0,0.0,0.0,0.0,0.0,0.0,0.0,0.0,0
Ko Kieft,TB,0.0,0.0,0,0.0,0.0,0.0,0,0.0,0.0,0.0,0.0,0.0,0.0,0.0,0.0,0.0,0.0,0.0,0.0,0.0,0.0,0.0,0.0,0
Donald Parham Jr.,PIT,0.0,0.0,0,0.0,0.0,0.0,0,0.0,0.0,0.0,0.0,0.0,0.0,0.0,0.0,0.0,0.0,0.0,0.0,0.0,0.0,0.0,0.0,0
Devin Leary,BAL,0.0,0.0,0.0,0.0,0.0,0.0,0.0,0.0,0.0,0.0,0.0,0,0.0,0.0,0.0,0.0,0.0,0.0,0.0,0.0,0.0,0.0,0.0,0
Michael Pratt,TB,0.0,0.0,0.0,0.0,0.0,0.0,0.0,0.0,0.0,0.0,0.0,0,0.0,0.0,0.0,0.0,0.0,0.0,0.0,0.0,0.0,0.0,0.0,0
Mike White,BUF,0.0,0.0,0.0,0.0,0.0,0.0,0.0,0.0,0.0,0.0,0.0,0,0.0,0.0,0.0,0.0,0.0,0.0,0.0,0.0,0.0,0.0,0.0,0
Demetric Felton Jr.,WAS,0.0,0.0,0,0.0,0.0,0.0,0.0,0.0,0.0,0.0,0.0,0.0,0.0,0.0,0.0,0.0,0.0,0.0,0.0,0.0,0.0,0.0,0.0,0
Nick Muse,PHI,0.0,0.0,0,0.0,0.0,0.0,0,0.0,0.0,0.0,0.0,0.0,0.0,0.0,0.0,0.0,0.0,0.0,0.0,0.0,0.0,0.0,0.0,0
Nikola Kalinic,ATL,0.0,0.0,0,0.0,0.0,0.0,0,0.0,0.0,0.0,0.0,0.0,0.0,0.0,0.0,0.0,0.0,0.0,0.0,0.0,0.0,0.0,0.0,0
Kurtis Rourke,SF,0.0,0.0,0.0,0.0,0.0,0.0,0.0,0.0,0.0,0.0,0.0,0,0.0,0.0,0.0,0.0,0.0,0.0,0.0,0.0,0.0,0.0,0.0,0
George Holani,SEA,0.0,0.0,0,0.0,0.0,0.0,0.0,0.0,0.0,0.0,0.0,0.0,0.0,0.0,0.0,0.0,0.0,0.0,0.0,0.0,0.0,0.0,0.0,0
Tyree Jackson,WAS,0.0,0.0,0,0.0,0.0,0.0,0,0.0,0.0,0.0,0.0,0.0,0.0,0.0,0.0,0.0,0.0,0.0,0.0,0.0,0.0,0.0,0.0,0
John Wolford,JAC,0.0,0.0,0.0,0.0,0.0,0.0,0.0,0.0,0.0,0.0,0.0,0,0.0,0.0,0.0,0.0,0.0,0.0,0.0,0.0,0.0,0.0,0.0,0
Jaret Patterson,LAC,0.0,0.0,0,0.0,0.0,0.0,0.0,0.0,0.0,0.0,0.0,0.0,0.0,0.0,0.0,0.0,0.0,0.0,0.0,0.0,0.0,0.0,0.0,0
Jawhar Jordan,HOU,0.0,0.0,0,0.0,0.0,0.0,0.0,0.0,0.0,0.0,0.0,0.0,0.0,0.0,0.0,0.0,0.0,0.0,0.0,0.0,0.0,0.0,0.0,0
Jakob Johnson,HOU,0.0,0.0,0,0.0,0.0,0.0,0.0,0.0,0.0,0.0,0.0,0.0,0.0,0.0,0.0,0.0,0.0,0.0,0.0,0.0,0.0,0.0,0.0,0
Jake Tonges,SF,0.0,0.0,0,0.0,0.0,0.0,0,0.0,0.0,0.0,0.0,0.0,0.0,0.0,0.0,0.0,0.0,0.0,0.0,0.0,0.0,0.0,0.0,0
Jack Westover,NE,0.0,0.0,0,0.0,0.0,0.0,0,0.0,0.0,0.0,0.0,0.0,0.0,0.0,0.0,0.0,0.0,0.0,0.0,0.0,0.0,0.0,0.0,0
John FitzPatrick,GB,0.0,0.0,0,0.0,0.0,0.0,0,0.0,0.0,0.0,0.0,0.0,0.0,0.0,0.0,0.0,0.0,0.0,0.0,0.0,0.0,0.0,0.0,0
John Stephens Jr.,DAL,0.0,0.0,0,0.0,0.0,0.0,0,0.0,0.0,0.0,0.0,0.0,0.0,0.0,0.0,0.0,0.0,0.0,0.0,0.0,0.0,0.0,0.0,0
Jonathon Brooks,CAR,0.0,0.0,0,0.0,0.0,0.0,0.0,0.0,0.0,0.0,0.0,0.0,0.0,0.0,0.0,0.0,0.0,0.0,0.0,0.0,0.0,0.0,0.0,0
Kene Nwangwu,NYJ,0.0,0.0,0,0.0,0.0,0.0,0.0,0.0,0.0,0.0,0.0,0.0,0.0,0.0,0.0,0.0,0.0,0.0,0.0,0.0,0.0,0.0,0.0,0
Josiah Deguara,ARI,0.0,0.0,0,0.0,0.0,0.0,0,0.0,0.0,0.0,0.0,0.0,0.0,0.0,0.0,0.0,0.0,0.0,0.0,0.0,0.0,0.0,0.0,0
Jude McAtamney,NYG,0.0,0.0,0,0.0,0.0,0.0,0,0.0,0.0,0.0,0.0,0,0.0,0.0,0.0,0.0,0.0,0.0,0.0,0.0,0.0,0.0,0.0,0
Justin Shorter,LV,0.0,0.0,0,0.0,0.0,0.0,0,0.0,0.0,0.0,0.0,0.0,0.0,0.0,0.0,0.0,0.0,0.0,0.0,0.0,0.0,0.0,0.0,0
Greg Joseph,SF,0.0,0.0,0,0.0,0.0,0.0,0,0.0,0.0,0.0,0.0,0,0.0,0.0,0.0,0.0,0.0,0.0,0.0,0.0,0.0,0.0,0.0,0
Keaontay Ingram,KC,0.0,0.0,0,0.0,0.0,0.0,0.0,0.0,0.0,0.0,0.0,0.0,0.0,0.0,0.0,0.0,0.0,0.0,0.0,0.0,0.0,0.0,0.0,0
Keith Kirkwood,BAL,0.0,0.0,0,0.0,0.0,0.0,0.0,0.0,0.0,0.0,0.0,0.0,0.0,0.0,0.0,0.0,0.0,0.0,0.0,0.0,0.0,0.0,0.0,0
Kendall Milton,CIN,0.0,0.0,0,0.0,0.0,0.0,0.0,0.0,0.0,0.0,0.0,0.0,0.0,0.0,0.0,0.0,0.0,0.0,0.0,0.0,0.0,0.0,0.0,0
Nyheim Miller-Hines,LAC,0.0,0.0,0,0.0,0.0,0.0,0.0,0.0,0.0,0.0,0.0,0.0,0.0,0.0,0.0,0.0,0.0,0.0,0.0,0.0,0.0,0.0,0.0,0
Parker Romo,NE,0.0,0.0,0,0.0,0.0,0.0,0,0.0,0.0,0.0,0.0,0,0.0,0.0,0.0,0.0,0.0,0.0,0.0,0.0,0.0,0.0,0.0,0
Phillip Dorsett II,LV,0.0,0.0,0,0.0,0.0,0.0,0.0,0.0,0.0,0.0,0.0,0.0,0.0,0.0,0.0,0.0,0.0,0.0,0.0,0.0,0.0,0.0,0.0,0
Brayden Willis,SF,0.0,0.0,0,0.0,0.0,0.0,0,0.0,0.0,0.0,0.0,0.0,0.0,0.0,0.0,0.0,0.0,0.0,0.0,0.0,0.0,0.0,0.0,0
Thomas Odukoya,TEN,0.0,0.0,0,0.0,0.0,0.0,0,0.0,0.0,0.0,0.0,0.0,0.0,0.0,0.0,0.0,0.0,0.0,0.0,0.0,0.0,0.0,0.0,0
Tim Boyle,TEN,0.0,0.0,0.0,0.0,0.0,0.0,0.0,0.0,0.0,0.0,0.0,0,0.0,0.0,0.0,0.0,0.0,0.0,0.0,0.0,0.0,0.0,0.0,0
Tom Kennedy,DET,0.0,0.0,0,0.0,0.0,0.0,0.0,0.0,0.0,0.0,0.0,0.0,0.0,0.0,0.0,0.0,0.0,0.0,0.0,0.0,0.0,0.0,0.0,0
Tommy DeVito,NYG,0.0,0.0,0.0,0.0,0.0,0.0,0.0,0.0,0.0,0.0,0.0,0,0.0,0.0,0.0,0.0,0.0,0.0,0.0,0.0,0.0,0.0,0.0,0
British Brooks,HOU,0.0,0.0,0,0.0,0.0,0.0,0.0,0.0,0.0,0.0,0.0,0.0,0.0,0.0,0.0,0.0,0.0,0.0,0.0,0.0,0.0,0.0,0.0,0
Brett Rypien,MIN,0.0,0.0,0.0,0.0,0.0,0.0,0.0,0.0,0.0,0.0,0.0,0,0.0,0.0,0.0,0.0,0.0,0.0,0.0,0.0,0.0,0.0,0.0,0
Trent Taylor,SF,0.0,0.0,0,0.0,0.0,0.0,0.0,0.0,0.0,0.0,0.0,0.0,0.0,0.0,0.0,0.0,0.0,0.0,0.0,0.0,0.0,0.0,0.0,0
Brady Russell,SEA,0.0,0.0,0,0.0,0.0,0.0,0.0,0.0,0.0,0.0,0.0,0.0,0.0,0.0,0.0,0.0,0.0,0.0,0.0,0.0,0.0,0.0,0.0,0
Cameron Latu,PHI,0.0,0.0,0,0.0,0.0,0.0,0,0.0,0.0,0.0,0.0,0.0,0.0,0.0,0.0,0.0,0.0,0.0,0.0,0.0,0.0,0.0,0.0,0
Blake Watson,DEN,0.0,0.0,0,0.0,0.0,0.0,0.0,0.0,0.0,0.0,0.0,0.0,0.0,0.0,0.0,0.0,0.0,0.0,0.0,0.0,0.0,0.0,0.0,0
Ben VanSumeren,PHI,0.0,0.0,0,0.0,0.0,0.0,0.0,0.0,0.0,0.0,0.0,0.0,0.0,0.0,0.0,0.0,0.0,0.0,0.0,0.0,0.0,0.0,0.0,0
Tyler Davis,NE,0.0,0.0,0,0.0,0.0,0.0,0,0.0,0.0,0.0,0.0,0.0,0.0,0.0,0.0,0.0,0.0,0.0,0.0,0.0,0.0,0.0,0.0,0
Ben Sims,GB,0.0,0.0,0,0.0,0.0,0.0,0,0.0,0.0,0.0,0.0,0.0,0.0,0.0,0.0,0.0,0.0,0.0,0.0,0.0,0.0,0.0,0.0,0
Baylor Cupp,BAL,0.0,0.0,0,0.0,0.0,0.0,0,0.0,0.0,0.0,0.0,0.0,0.0,0.0,0.0,0.0,0.0,0.0,0.0,0.0,0.0,0.0,0.0,0
Bailey Zappe,KC,0.0,0.0,0.0,0.0,0.0,0.0,0.0,0.0,0.0,0.0,0.0,0,0.0,0.0,0.0,0.0,0.0,0.0,0.0,0.0,0.0,0.0,0.0,0
Tyler Mabry,CAR,0.0,0.0,0,0.0,0.0,0.0,0,0.0,0.0,0.0,0.0,0.0,0.0,0.0,0.0,0.0,0.0,0.0,0.0,0.0,0.0,0.0,0.0,0
Thomas Fidone II,NYG,0.0,0.0,0,0.0,0.0,0.0,0,0.0,0.0,0.0,0.0,0.0,0.0,0.0,0.0,0.0,0.0,0.0,0.0,0.0,0.0,0.0,0.0,0
Stephen Sullivan,CAR,0.0,0.0,0,0.0,0.0,0.0,0,0.0,0.0,0.0,0.0,0.0,0.0,0.0,0.0,0.0,0.0,0.0,0.0,0.0,0.0,0.0,0.0,0
Dante Miller,NYG,0.0,0.0,0,0.0,0.0,0.0,0.0,0.0,0.0,0.0,0.0,0.0,0.0,0.0,0.0,0.0,0.0,0.0,0.0,0.0,0.0,0.0,0.0,0
Stephen Carlson,CHI,0.0,0.0,0,0.0,0.0,0.0,0,0.0,0.0,0.0,0.0,0.0,0.0,0.0,0.0,0.0,0.0,0.0,0.0,0.0,0.0,0.0,0.0,0
Princeton Fant,DAL,0.0,0.0,0,0.0,0.0,0.0,0,0.0,0.0,0.0,0.0,0.0,0.0,0.0,0.0,0.0,0.0,0.0,0.0,0.0,0.0,0.0,0.0,0
Colson Yankoff,WAS,0.0,0.0,0,0.0,0.0,0.0,0,0.0,0.0,0.0,0.0,0.0,0.0,0.0,0.0,0.0,0.0,0.0,0.0,0.0,0.0,0.0,0.0,0
Reggie Gilliam,BUF,0.0,0.0,0,0.0,0.0,0.0,0.0,0.0,0.0,0.0,0.0,0.0,0.0,0.0,0.0,0.0,0.0,0.0,0.0,0.0,0.0,0.0,0.0,0
Cole Turner,WAS,0.0,0.0,0,0.0,0.0,0.0,0,0.0,0.0,0.0,0.0,0.0,0.0,0.0,0.0,0.0,0.0,0.0,0.0,0.0,0.0,0.0,0.0,0
Cole Fotheringham,NE,0.0,0.0,0,0.0,0.0,0.0,0,0.0,0.0,0.0,0.0,0.0,0.0,0.0,0.0,0.0,0.0,0.0,0.0,0.0,0.0,0.0,0.0,0
Cody Schrader,LAR,0.0,0.0,0,0.0,0.0,0.0,0.0,0.0,0.0,0.0,0.0,0.0,0.0,0.0,0.0,0.0,0.0,0.0,0.0,0.0,0.0,0.0,0.0,0
Chris Oladokun,KC,0.0,0.0,0.0,0.0,0.0,0.0,0.0,0.0,0.0,0.0,0.0,0,0.0,0.0,0.0,0.0,0.0,0.0,0.0,0.0,0.0,0.0,0.0,0
Salvon Ahmed,IND,0.0,0.0,0,0.0,0.0,0.0,0.0,0.0,0.0,0.0,0.0,0.0,0.0,0.0,0.0,0.0,0.0,0.0,0.0,0.0,0.0,0.0,0.0,0
Chris Collier,LV,0.0,0.0,0,0.0,0.0,0.0,0.0,0.0,0.0,0.0,0.0,0.0,0.0,0.0,0.0,0.0,0.0,0.0,0.0,0.0,0.0,0.0,0.0,0
Sam Ehlinger,DEN,0.0,0.0,0.0,0.0,0.0,0.0,0.0,0.0,0.0,0.0,0.0,0,0.0,0.0,0.0,0.0,0.0,0.0,0.0,0.0,0.0,0.0,0.0,0
Sean Clifford,GB,0.0,0.0,0.0,0.0,0.0,0.0,0.0,0.0,0.0,0.0,0.0,0,0.0,0.0,0.0,0.0,0.0,0.0,0.0,0.0,0.0,0.0,0.0,0
Sean McKeon,IND,0.0,0.0,0,0.0,0.0,0.0,0,0.0,0.0,0.0,0.0,0.0,0.0,0.0,0.0,0.0,0.0,0.0,0.0,0.0,0.0,0.0,0.0,0
Shane Buechele,BUF,0.0,0.0,0.0,0.0,0.0,0.0,0.0,0.0,0.0,0.0,0.0,0,0.0,0.0,0.0,0.0,0.0,0.0,0.0,0.0,0.0,0.0,0.0,0
Shane Zylstra,DET,0.0,0.0,0,0.0,0.0,0.0,0,0.0,0.0,0.0,0.0,0.0,0.0,0.0,0.0,0.0,0.0,0.0,0.0,0.0,0.0,0.0,0.0,0
Skylar Thompson,PIT,0.0,0.0,0.0,0.0,0.0,0.0,0.0,0.0,0.0,0.0,0.0,0,0.0,0.0,0.0,0.0,0.0,0.0,0.0,0.0,0.0,0.0,0.0,0
0,,0.0,0.0,0,0.0,0.0,0.0,0,0.0,0.0,0.0,0.0,0,0.0,0.0,0.0,0.0,0.0,0.0,0.0,0.0,0.0,0.0,0.0,0
Nikko Remigio,KC,0.0,0.0,0,0.0,0.0,0.0,0.0,0.0,0.5,-0.2,0.3,3.8,0.0,0.0,0.0,0.0,0.0,0.0,0.0,0.0,0.0,0.0,0.0,0
