Rank,Player,Fantasy Points,Fantasy Points/Game,Passing TD,Interceptions,Passing Yards (Advanced),Completion % (Advanced),Yards/Attempt (Advanced),CPOE,Completions (Advanced),Pass Attempts (Advanced),Air Yards,Air Yards/Attempt,Completions 10+ Yards,Completions 20+ Yards,Completions 30+ Yards,Completions 40+ Yards,Completions 50+ Yards,Red Zone Attempts,QB Rating,Pocket Time,Sacks (Advanced),pressure_to_sack,QB Hits/Knockdowns,QB Hurries,Blitzes Faced,Poor Throws,Receiver Drops,Rushing TD,Rushing Yards,Rushing Attempts,Fumbles Lost,Games Played (Advanced),player_id,Year,pressures,Completions,Rostered %,Position,passer_player_id,passer_player_name,season_yac_metrics_2018.1,receiver_player_id_yac_metrics_2018.1,receiver_player_name_yac_metrics_2018.1,yac_yac_metrics_2018.1,season_redzone_metrics_2021.1,player_id_redzone_metrics_2021,player_name_redzone_metrics_2021,redzone_touches_redzone_metrics_2021,goal_line_touches_redzone_metrics_2021,season_redzone_metrics_2020.1,player_id_redzone_metrics_2020.1,player_name_redzone_metrics_2020.1,redzone_touches_redzone_metrics_2020.1,goal_line_touches_redzone_metrics_2020.1,season_redzone_metrics_2022.1,player_id_redzone_metrics_2022.1,player_name_redzone_metrics_2022.1,redzone_touches_redzone_metrics_2022.1,goal_line_touches_redzone_metrics_2022.1,season_redzone_metrics_2023.1,player_id_redzone_metrics_2023.1,player_name_redzone_metrics_2023.1,redzone_touches_redzone_metrics_2023.1,goal_line_touches_redzone_metrics_2023.1,season_redzone_metrics_2024.1,player_id_redzone_metrics_2024.1,player_name_redzone_metrics_2024.1,redzone_touches_redzone_metrics_2024.1,goal_line_touches_redzone_metrics_2024.1,season_redzone_metrics_2018.1,player_id_redzone_metrics_2018.1,player_name_redzone_metrics_2018.1,redzone_touches_redzone_metrics_2018.1,goal_line_touches_redzone_metrics_2018.1,season_redzone_metrics_2019.1,player_id_redzone_metrics_2019.1,player_name_redzone_metrics_2019.1,redzone_touches_redzone_metrics_2019.1,goal_line_touches_redzone_metrics_2019.1,season_redzone_metrics_2015.1,player_id_redzone_metrics_2015.1,player_name_redzone_metrics_2015.1,redzone_touches_redzone_metrics_2015.1,goal_line_touches_redzone_metrics_2015.1,season_redzone_metrics_2017.1,player_id_redzone_metrics_2017.1,player_name_redzone_metrics_2017.1,redzone_touches_redzone_metrics_2017.1,goal_line_touches_redzone_metrics_2017.1,season_redzone_metrics_2016.1,player_id_redzone_metrics_2016.1,player_name_redzone_metrics_2016.1,redzone_touches_redzone_metrics_2016.1,goal_line_touches_redzone_metrics_2016.1,season_yac_metrics_2018.2,receiver_player_id_yac_metrics_2018.2,receiver_player_name_yac_metrics_2018.2,yac_yac_metrics_2018.2,season_redzone_metrics_2021.2,player_id_redzone_metrics_2021.1,player_name_redzone_metrics_2021.1,redzone_touches_redzone_metrics_2021.1,goal_line_touches_redzone_metrics_2021.1,season_redzone_metrics_2020.2,player_id_redzone_metrics_2020.2,player_name_redzone_metrics_2020.2,redzone_touches_redzone_metrics_2020.2,goal_line_touches_redzone_metrics_2020.2,season_redzone_metrics_2022.2,player_id_redzone_metrics_2022.2,player_name_redzone_metrics_2022.2,redzone_touches_redzone_metrics_2022.2,goal_line_touches_redzone_metrics_2022.2,season_redzone_metrics_2023.2,player_id_redzone_metrics_2023.2,player_name_redzone_metrics_2023.2,redzone_touches_redzone_metrics_2023.2,goal_line_touches_redzone_metrics_2023.2,season_redzone_metrics_2024.2,player_id_redzone_metrics_2024.2,player_name_redzone_metrics_2024.2,redzone_touches_redzone_metrics_2024.2,goal_line_touches_redzone_metrics_2024.2,season_redzone_metrics_2018.2,player_id_redzone_metrics_2018.2,player_name_redzone_metrics_2018.2,redzone_touches_redzone_metrics_2018.2,goal_line_touches_redzone_metrics_2018.2,season_redzone_metrics_2019.2,player_id_redzone_metrics_2019.2,player_name_redzone_metrics_2019.2,redzone_touches_redzone_metrics_2019.2,goal_line_touches_redzone_metrics_2019.2,season_redzone_metrics_2015.2,player_id_redzone_metrics_2015.2,player_name_redzone_metrics_2015.2,redzone_touches_redzone_metrics_2015.2,goal_line_touches_redzone_metrics_2015.2,season_redzone_metrics_2017.2,player_id_redzone_metrics_2017.2,player_name_redzone_metrics_2017.2,redzone_touches_redzone_metrics_2017.2,goal_line_touches_redzone_metrics_2017.2,season_redzone_metrics_2016.2,player_id_redzone_metrics_2016.2,player_name_redzone_metrics_2016.2,redzone_touches_redzone_metrics_2016.2,goal_line_touches_redzone_metrics_2016.2
"The player’s overall fantasy Ranking","The quarterback’s name (display format).","Season fantasy points scored.","Average fantasy points scored per game.","Number of passing touchdowns.","Number of interceptions.","Total passing yards (may include advanced adjustments or air yards components).","Percentage of passes completed (advanced stat — may adjust for drops, throwaways, etc.).","Average passing yards per attempt (advanced calculation).","Completion Percentage Over Expected (accuracy relative to expected completions based on throw difficulty).","Total completed passes (advanced version, may adjust for specific situations).","Total pass attempts (advanced version).","Total distance (in yards) that all pass attempts traveled in the air (before catch).","Average air yards per pass attempt.","Number of completed passes that gained 10 or more yards.","Number of completed passes that gained 20 or more yards.","Number of completed passes that gained 30 or more yards.","Number of completed passes that gained 40 or more yards.","Number of completed passes that gained 50 or more yards.","Number of pass attempts made inside the opponent’s 20-yard line.","Quarterback rating (passer efficiency metric using completions, yards, TDs, INTs).","Average time (in seconds) the QB spends in the pocket before releasing the ball or being pressured/sacked.","Total number of times the QB was sacked (advanced tracking).","Ratio of pressures that resulted in a sack (measures QB’s ability to avoid sacks when pressured).","Number of times the QB was hit or knocked down (but not necessarily sacked).","Number of times the QB was hurried (forced to throw earlier than intended).","Number of defensive blitzes the QB faced.","Number of passes classified as poorly thrown (off-target).","Number of passes dropped by receivers.","Total rushing touchdowns scored by the QB.","Total rushing yards gained by the QB.","Total rushing attempts by the QB.","Number of fumbles lost (turnovers).","Number of games played (advanced tracking; may account for partial appearances).","Unique player identifier (database reference).","Season year for the stats.","Number of times the QB was pressured by defenders (includes hits, hurries, sacks).","","","","","","","","","","","","","","","","","","","","","","","","","","","","","","","","","","","","","","","","","","","","","","","","","","","","","","","","","","","","","","","","","","","","","","","","","","","","","","","","","","","","","","","","","","","","","","","","","","","","","","","","","","","","","","","","",""
1.0,Josh Allen (BUF),406.2,25.4,37.0,10.0,"4,544",69%,7.9,5.9752222156200006,396.0,572.0,"2,891",5.1,186.0,62.0,18.0,8.0,2.0,84.0,106.0,2.6,26.0,0.3736263736263736,39.0,65.0,244.0,88.0,25.0,8.0,421,102.0,6.0,16.0,00-0034857,2020,91.0,396.0,99.8%,QB,00-0034857,J.Allen,2018.0,00-0031577,J.Allen,185.0,2021.0,00-0034857,J.Allen,35.0,10.0,2020.0,00-0034857,J.Allen,28.0,12.0,2022.0,00-0034857,J.Allen,31.0,15.0,2023.0,00-0034857,J.Allen,38.0,16.0,2024.0,00-0034857,J.Allen,41.0,15.0,2018.0,00-0031577,J.Allen,18.0,7.0,2019.0,00-0031577,J.Allen,3.0,1.0,2015.0,00-0031577,J.Allen,32.0,9.0,2017.0,00-0031577,J.Allen,38.0,11.0,2016.0,00-0031577,J.Allen,2.0,0.0,2018.0,00-0031577,J.Allen,185.0,2021.0,00-0034857,J.Allen,35.0,10.0,2020.0,00-0034857,J.Allen,28.0,12.0,2022.0,00-0034857,J.Allen,31.0,15.0,2023.0,00-0034857,J.Allen,38.0,16.0,2024.0,00-0034857,J.Allen,41.0,15.0,2018.0,00-0031577,J.Allen,18.0,7.0,2019.0,00-0031577,J.Allen,3.0,1.0,2015.0,00-0031577,J.Allen,32.0,9.0,2017.0,00-0031577,J.Allen,38.0,11.0,2016.0,00-0031577,J.Allen,2.0,0.0
2.0,Kyler Murray (ARI),390.7,24.4,26.0,12.0,"3,971",67%,7.1,2.2246880569692777,375.0,558.0,"2,463",4.4,142.0,44.0,24.0,14.0,5.0,62.0,96.0,2.5,27.0,0.5294117647058824,23.0,56.0,156.0,88.0,13.0,11.0,819,133.0,4.0,16.0,00-0035228,2020,51.0,375.0,87.5%,QB,00-0035228,K.Murray,,,,,2021.0,00-0035228,K.Murray,25.0,5.0,2020.0,00-0035228,K.Murray,26.0,9.0,2022.0,00-0035228,K.Murray,13.0,6.0,2023.0,00-0035228,K.Murray,14.0,7.0,2024.0,00-0035228,K.Murray,15.0,3.0,,,,,,2019.0,00-0035228,K.Murray,19.0,3.0,,,,,,,,,,,,,,,,,,,,2021.0,00-0035228,K.Murray,25.0,5.0,2020.0,00-0035228,K.Murray,26.0,9.0,2022.0,00-0035228,K.Murray,13.0,6.0,2023.0,00-0035228,K.Murray,14.0,7.0,2024.0,00-0035228,K.Murray,15.0,3.0,,,,,,2019.0,00-0035228,K.Murray,19.0,3.0,,,,,,,,,,,,,,,
3.0,Aaron Rodgers (PIT),388.1,24.3,48.0,5.0,"4,299",71%,8.2,6.779109793049944,372.0,526.0,"2,277",4.3,156.0,57.0,27.0,14.0,5.0,82.0,120.0,2.5,20.0,0.4385964912280701,26.0,34.0,168.0,69.0,27.0,3.0,149,38.0,2.0,16.0,00-0023459,2020,57.0,372.0,4.6%,QB,00-0023459,A.Rodgers,,,,,2021.0,00-0023459,A.Rodgers,3.0,1.0,2020.0,00-0023459,A.Rodgers,8.0,2.0,2022.0,00-0023459,A.Rodgers,7.0,4.0,,,,,,2024.0,00-0023459,A.Rodgers,2.0,0.0,2018.0,00-0023459,A.Rodgers,9.0,3.0,2019.0,00-0023459,A.Rodgers,12.0,6.0,2015.0,00-0023459,A.Rodgers,9.0,3.0,2017.0,00-0023459,A.Rodgers,2.0,0.0,2016.0,00-0023459,A.Rodgers,16.0,3.0,,,,,2021.0,00-0023459,A.Rodgers,3.0,1.0,2020.0,00-0023459,A.Rodgers,8.0,2.0,2022.0,00-0023459,A.Rodgers,7.0,4.0,,,,,,2024.0,00-0023459,A.Rodgers,2.0,0.0,2018.0,00-0023459,A.Rodgers,9.0,3.0,2019.0,00-0023459,A.Rodgers,12.0,6.0,2015.0,00-0023459,A.Rodgers,9.0,3.0,2017.0,00-0023459,A.Rodgers,2.0,0.0,2016.0,00-0023459,A.Rodgers,16.0,3.0
4.0,Patrick Mahomes II (KC),380.3,25.4,38.0,6.0,"4,740",66%,8.1,,390.0,588.0,"2,743",4.7,197.0,67.0,22.0,8.0,2.0,74.0,109.0,2.6,22.0,,55.0,63.0,140.0,100.0,28.0,2.0,308,62.0,2.0,15.0,,2020,,390.0,96.0%,QB,,,,,,,,,,,,,,,,,,,,,,,,,,,,,,,,,,,,,,,,,,,,,,,,,,,,,,,,,,,,,,,,,,,,,,,,,,,,,,,,,,,,,,,,,,,,,,,,,,,,,,,,,,,,,,
5.0,Deshaun Watson (CLE),376.4,23.5,33.0,7.0,"4,823",70%,8.9,6.522549013562691,382.0,544.0,"3,052",5.6,192.0,69.0,27.0,11.0,5.0,85.0,112.0,2.6,49.0,0.5104166666666666,44.0,78.0,168.0,79.0,19.0,3.0,444,90.0,3.0,16.0,,2020,96.0,382.0,0.3%,QB,00-0033537,D.Watson,,,,,,,,,,2020.0,00-0033537,D.Watson,18.0,7.0,2022.0,00-0033537,D.Watson,6.0,1.0,2023.0,00-0033537,D.Watson,6.0,3.0,2024.0,00-0033537,D.Watson,5.0,2.0,2018.0,00-0033537,D.Watson,21.0,9.0,2019.0,00-0033537,D.Watson,22.0,9.0,,,,,,2017.0,00-0033537,D.Watson,4.0,3.0,,,,,,,,,,,,,,,2020.0,00-0033537,D.Watson,18.0,7.0,2022.0,00-0033537,D.Watson,6.0,1.0,2023.0,00-0033537,D.Watson,6.0,3.0,2024.0,00-0033537,D.Watson,5.0,2.0,2018.0,00-0033537,D.Watson,21.0,9.0,2019.0,00-0033537,D.Watson,22.0,9.0,,,,,,2017.0,00-0033537,D.Watson,4.0,3.0,,,,,
6.0,Russell Wilson (NYG),372.6,23.3,40.0,13.0,"4,212",69%,7.5,5.820426654644791,384.0,558.0,"2,596",4.7,161.0,45.0,22.0,11.0,6.0,82.0,104.0,2.7,47.0,0.4193548387096774,60.0,66.0,205.0,84.0,27.0,2.0,513,83.0,4.0,16.0,00-0029263,2020,124.0,384.0,2.5%,QB,00-0029263,R.Wilson,2018.0,00-0029263,R.Wilson,-1.0,2021.0,00-0029263,R.Wilson,7.0,3.0,2020.0,00-0029263,R.Wilson,5.0,3.0,2022.0,00-0029263,R.Wilson,5.0,2.0,2023.0,00-0029263,R.Wilson,19.0,5.0,2024.0,00-0029263,R.Wilson,10.0,3.0,2018.0,00-0029263,R.Wilson,10.0,2.0,2019.0,00-0029263,R.Wilson,15.0,4.0,2015.0,00-0029263,R.Wilson,11.0,1.0,2017.0,00-0029263,R.Wilson,6.0,3.0,2016.0,00-0029263,R.Wilson,7.0,2.0,2018.0,00-0029263,R.Wilson,-1.0,2021.0,00-0029263,R.Wilson,7.0,3.0,2020.0,00-0029263,R.Wilson,5.0,3.0,2022.0,00-0029263,R.Wilson,5.0,2.0,2023.0,00-0029263,R.Wilson,19.0,5.0,2024.0,00-0029263,R.Wilson,10.0,3.0,2018.0,00-0029263,R.Wilson,10.0,2.0,2019.0,00-0029263,R.Wilson,15.0,4.0,2015.0,00-0029263,R.Wilson,11.0,1.0,2017.0,00-0029263,R.Wilson,6.0,3.0,2016.0,00-0029263,R.Wilson,7.0,2.0
7.0,Ryan Tannehill (FA),351.3,22.0,33.0,7.0,"3,819",65%,7.9,2.809869507137618,315.0,481.0,"2,385",5.0,153.0,44.0,18.0,13.0,8.0,68.0,106.0,2.5,24.0,0.2808988764044944,50.0,36.0,161.0,63.0,20.0,7.0,266,43.0,1.0,16.0,00-0029701,2020,89.0,315.0,0.0%,QB,00-0029701,R.Tannehill,2018.0,00-0029701,R.Tannehill,1.0,2021.0,00-0029701,R.Tannehill,14.0,7.0,2020.0,00-0029701,R.Tannehill,12.0,7.0,2022.0,00-0029701,R.Tannehill,7.0,4.0,2023.0,00-0029701,R.Tannehill,2.0,0.0,,,,,,2018.0,00-0029701,R.Tannehill,5.0,1.0,2019.0,00-0029701,R.Tannehill,7.0,4.0,2015.0,00-0029701,R.Tannehill,2.0,1.0,,,,,,2016.0,00-0029701,R.Tannehill,9.0,3.0,2018.0,00-0029701,R.Tannehill,1.0,2021.0,00-0029701,R.Tannehill,14.0,7.0,2020.0,00-0029701,R.Tannehill,12.0,7.0,2022.0,00-0029701,R.Tannehill,7.0,4.0,2023.0,00-0029701,R.Tannehill,2.0,0.0,,,,,,2018.0,00-0029701,R.Tannehill,5.0,1.0,2019.0,00-0029701,R.Tannehill,7.0,4.0,2015.0,00-0029701,R.Tannehill,2.0,1.0,,,,,,2016.0,00-0029701,R.Tannehill,9.0,3.0
8.0,Tom Brady (FA),350.0,21.9,40.0,12.0,"4,633",66%,7.6,2.3784161189506836,401.0,610.0,"3,037",5.0,177.0,63.0,27.0,12.0,1.0,84.0,103.0,2.4,21.0,0.2842105263157894,55.0,35.0,161.0,122.0,31.0,3.0,6,30.0,1.0,16.0,00-0019596,2020,95.0,401.0,4.7%,QB,00-0019596,T.Brady,2018.0,00-0019596,T.Brady,6.0,2021.0,00-0019596,T.Brady,8.0,2.0,2020.0,00-0019596,T.Brady,12.0,4.0,2022.0,00-0019596,T.Brady,11.0,2.0,,,,,,,,,,,2018.0,00-0019596,T.Brady,6.0,2.0,2019.0,00-0019596,T.Brady,11.0,7.0,2015.0,00-0019596,T.Brady,8.0,4.0,2017.0,00-0019596,T.Brady,9.0,0.0,2016.0,00-0019596,T.Brady,11.0,7.0,2018.0,00-0019596,T.Brady,6.0,2021.0,00-0019596,T.Brady,8.0,2.0,2020.0,00-0019596,T.Brady,12.0,4.0,2022.0,00-0019596,T.Brady,11.0,2.0,,,,,,,,,,,2018.0,00-0019596,T.Brady,6.0,2.0,2019.0,00-0019596,T.Brady,11.0,7.0,2015.0,00-0019596,T.Brady,8.0,4.0,2017.0,00-0019596,T.Brady,9.0,0.0,2016.0,00-0019596,T.Brady,11.0,7.0
9.0,Justin Herbert (LAC),342.8,22.9,31.0,10.0,"4,336",67%,7.3,0.0118462176158616,396.0,595.0,"2,525",4.2,171.0,51.0,15.0,10.0,8.0,71.0,101.0,2.4,32.0,0.3168316831683168,54.0,91.0,169.0,105.0,23.0,5.0,234,55.0,1.0,15.0,00-0036355,2020,101.0,396.0,84.1%,QB,00-0036355,J.Herbert,,,,,2021.0,00-0036355,J.Herbert,24.0,7.0,2020.0,00-0036355,J.Herbert,21.0,9.0,2022.0,00-0036355,J.Herbert,8.0,3.0,2023.0,00-0036355,J.Herbert,12.0,5.0,2024.0,00-0036355,J.Herbert,8.0,4.0,,,,,,,,,,,,,,,,,,,,,,,,,,,,,,2021.0,00-0036355,J.Herbert,24.0,7.0,2020.0,00-0036355,J.Herbert,21.0,9.0,2022.0,00-0036355,J.Herbert,8.0,3.0,2023.0,00-0036355,J.Herbert,12.0,5.0,2024.0,00-0036355,J.Herbert,8.0,4.0,,,,,,,,,,,,,,,,,,,,,,,,,
10.0,Lamar Jackson (BAL),341.7,22.8,26.0,9.0,"2,757",64%,7.3,1.2822476568606624,242.0,376.0,"1,706",4.5,112.0,37.0,17.0,4.0,0.0,58.0,100.0,2.6,29.0,0.5522388059701493,18.0,50.0,104.0,64.0,20.0,7.0,"1,005",159.0,4.0,15.0,00-0034796,2020,67.0,242.0,99.8%,QB,00-0034796,L.Jackson,2018.0,00-0034796,L.Jackson,0.0,2021.0,00-0034796,L.Jackson,17.0,8.0,2020.0,00-0034796,L.Jackson,36.0,3.0,2022.0,00-0034796,L.Jackson,19.0,4.0,2023.0,00-0034796,L.Jackson,35.0,5.0,2024.0,00-0034796,L.Jackson,22.0,2.0,2018.0,00-0034796,L.Jackson,40.0,5.0,2019.0,00-0034796,L.Jackson,31.0,9.0,,,,,,,,,,,,,,,,2018.0,00-0034796,L.Jackson,0.0,2021.0,00-0034796,L.Jackson,17.0,8.0,2020.0,00-0034796,L.Jackson,36.0,3.0,2022.0,00-0034796,L.Jackson,19.0,4.0,2023.0,00-0034796,L.Jackson,35.0,5.0,2024.0,00-0034796,L.Jackson,22.0,2.0,2018.0,00-0034796,L.Jackson,40.0,5.0,2019.0,00-0034796,L.Jackson,31.0,9.0,,,,,,,,,,,,,,,
11.0,Kirk Cousins (ATL),319.2,20.0,35.0,13.0,"4,265",68%,8.3,4.584536340433296,349.0,516.0,"2,494",4.8,174.0,58.0,20.0,7.0,4.0,62.0,107.0,2.6,39.0,0.3362068965517241,65.0,55.0,181.0,67.0,18.0,1.0,156,32.0,5.0,16.0,00-0029604,2020,116.0,349.0,0.6%,QB,00-0029604,K.Cousins,2018.0,00-0029604,K.Cousins,6.0,2021.0,00-0029604,K.Cousins,5.0,1.0,2020.0,00-0029604,K.Cousins,10.0,3.0,2022.0,00-0029604,K.Cousins,8.0,4.0,2023.0,00-0029604,K.Cousins,4.0,2.0,2024.0,00-0029604,K.Cousins,3.0,0.0,2018.0,00-0029604,K.Cousins,6.0,1.0,2019.0,00-0029604,K.Cousins,4.0,4.0,2015.0,00-0029604,K.Cousins,8.0,4.0,2017.0,00-0029604,K.Cousins,10.0,4.0,2016.0,00-0029604,K.Cousins,8.0,4.0,2018.0,00-0029604,K.Cousins,6.0,2021.0,00-0029604,K.Cousins,5.0,1.0,2020.0,00-0029604,K.Cousins,10.0,3.0,2022.0,00-0029604,K.Cousins,8.0,4.0,2023.0,00-0029604,K.Cousins,4.0,2.0,2024.0,00-0029604,K.Cousins,3.0,0.0,2018.0,00-0029604,K.Cousins,6.0,1.0,2019.0,00-0029604,K.Cousins,4.0,4.0,2015.0,00-0029604,K.Cousins,8.0,4.0,2017.0,00-0029604,K.Cousins,10.0,4.0,2016.0,00-0029604,K.Cousins,8.0,4.0
12.0,Matt Ryan (FA),293.3,18.3,26.0,11.0,"4,581",65%,7.3,1.232825204804174,407.0,626.0,"3,036",4.8,191.0,58.0,16.0,8.0,3.0,80.0,92.0,2.6,41.0,0.3693693693693693,66.0,56.0,204.0,89.0,32.0,2.0,92,29.0,3.0,16.0,00-0026143,2020,111.0,407.0,0.1%,QB,00-0026143,M.Ryan,2018.0,00-0026143,M.Ryan,4.0,2021.0,00-0026143,M.Ryan,12.0,5.0,2020.0,00-0026143,M.Ryan,7.0,2.0,2022.0,00-0026143,M.Ryan,4.0,2.0,,,,,,,,,,,2018.0,00-0026143,M.Ryan,9.0,3.0,2019.0,00-0026143,M.Ryan,5.0,2.0,2015.0,00-0026143,M.Ryan,5.0,1.0,2017.0,00-0026143,M.Ryan,6.0,2.0,2016.0,00-0026143,M.Ryan,14.0,7.0,2018.0,00-0026143,M.Ryan,4.0,2021.0,00-0026143,M.Ryan,12.0,5.0,2020.0,00-0026143,M.Ryan,7.0,2.0,2022.0,00-0026143,M.Ryan,4.0,2.0,,,,,,,,,,,2018.0,00-0026143,M.Ryan,9.0,3.0,2019.0,00-0026143,M.Ryan,5.0,2.0,2015.0,00-0026143,M.Ryan,5.0,1.0,2017.0,00-0026143,M.Ryan,6.0,2.0,2016.0,00-0026143,M.Ryan,14.0,7.0
13.0,Derek Carr (FA),281.0,17.6,27.0,9.0,"4,103",67%,7.9,2.572800977773925,348.0,517.0,"2,326",4.5,154.0,54.0,21.0,12.0,5.0,78.0,101.0,2.6,26.0,0.4814814814814814,27.0,57.0,173.0,79.0,20.0,3.0,140,39.0,8.0,16.0,00-0031280,2020,54.0,348.0,0.8%,QB,00-0031280,D.Carr,2018.0,00-0031280,D.Carr,-2.0,2021.0,00-0031280,D.Carr,8.0,2.0,2020.0,00-0031280,D.Carr,11.0,5.0,2022.0,00-0031280,D.Carr,5.0,0.0,2023.0,00-0031280,D.Carr,7.0,0.0,2024.0,00-0031280,D.Carr,4.0,3.0,2018.0,00-0031280,D.Carr,5.0,2.0,2019.0,00-0031280,D.Carr,4.0,3.0,2015.0,00-0031280,D.Carr,4.0,0.0,2017.0,00-0031280,D.Carr,1.0,0.0,2016.0,00-0031280,D.Carr,6.0,0.0,2018.0,00-0031280,D.Carr,-2.0,2021.0,00-0031280,D.Carr,8.0,2.0,2020.0,00-0031280,D.Carr,11.0,5.0,2022.0,00-0031280,D.Carr,5.0,0.0,2023.0,00-0031280,D.Carr,7.0,0.0,2024.0,00-0031280,D.Carr,4.0,3.0,2018.0,00-0031280,D.Carr,5.0,2.0,2019.0,00-0031280,D.Carr,4.0,3.0,2015.0,00-0031280,D.Carr,4.0,0.0,2017.0,00-0031280,D.Carr,1.0,0.0,2016.0,00-0031280,D.Carr,6.0,0.0
14.0,Ben Roethlisberger (FA),277.2,18.5,33.0,10.0,"3,803",66%,6.3,-0.527425154557215,399.0,608.0,"2,077",3.4,141.0,43.0,14.0,4.0,2.0,73.0,95.0,2.1,13.0,0.1911764705882352,45.0,43.0,175.0,91.0,39.0,0.0,11,25.0,1.0,15.0,00-0022924,2020,68.0,399.0,0.2%,QB,00-0022924,B.Roethlisberger,2018.0,00-0022924,B.Roethlisberger,-1.0,2021.0,00-0022924,B.Roethlisberger,5.0,2.0,2020.0,00-0022924,B.Roethlisberger,6.0,3.0,,,,,,,,,,,,,,,,2018.0,00-0022924,B.Roethlisberger,5.0,3.0,2019.0,00-0022924,B.Roethlisberger,1.0,0.0,2015.0,00-0022924,B.Roethlisberger,4.0,2.0,2017.0,00-0022924,B.Roethlisberger,5.0,0.0,2016.0,00-0022924,B.Roethlisberger,5.0,2.0,2018.0,00-0022924,B.Roethlisberger,-1.0,2021.0,00-0022924,B.Roethlisberger,5.0,2.0,2020.0,00-0022924,B.Roethlisberger,6.0,3.0,,,,,,,,,,,,,,,,2018.0,00-0022924,B.Roethlisberger,5.0,3.0,2019.0,00-0022924,B.Roethlisberger,1.0,0.0,2015.0,00-0022924,B.Roethlisberger,4.0,2.0,2017.0,00-0022924,B.Roethlisberger,5.0,0.0,2016.0,00-0022924,B.Roethlisberger,5.0,2.0
15.0,Cam Newton (FA),271.3,18.1,8.0,10.0,"2,657",66%,7.2,-1.0236097683369283,242.0,368.0,"1,611",4.4,116.0,31.0,12.0,3.0,1.0,36.0,80.0,2.7,31.0,0.5081967213114754,30.0,47.0,178.0,72.0,14.0,12.0,592,137.0,1.0,15.0,00-0027939,2020,61.0,242.0,0.2%,QB,00-0027939,C.Newton,,,,,2021.0,00-0027939,C.Newton,10.0,5.0,2020.0,00-0027939,C.Newton,45.0,24.0,,,,,,,,,,,,,,,,2018.0,00-0027939,C.Newton,16.0,5.0,,,,,,2015.0,00-0027939,C.Newton,33.0,13.0,2017.0,00-0027939,C.Newton,29.0,6.0,2016.0,00-0027939,C.Newton,20.0,9.0,,,,,2021.0,00-0027939,C.Newton,10.0,5.0,2020.0,00-0027939,C.Newton,45.0,24.0,,,,,,,,,,,,,,,,2018.0,00-0027939,C.Newton,16.0,5.0,,,,,,2015.0,00-0027939,C.Newton,33.0,13.0,2017.0,00-0027939,C.Newton,29.0,6.0,2016.0,00-0027939,C.Newton,20.0,9.0
16.0,Matthew Stafford (LAR),270.5,16.9,26.0,10.0,"4,084",64%,7.7,-1.0241450924499338,339.0,528.0,"2,548",4.8,172.0,54.0,18.0,8.0,4.0,66.0,96.0,2.5,38.0,0.4935064935064935,37.0,47.0,179.0,94.0,33.0,0.0,112,29.0,1.0,16.0,00-0026498,2020,77.0,339.0,17.7%,QB,00-0026498,M.Stafford,,,,,2021.0,00-0026498,M.Stafford,15.0,5.0,2020.0,00-0026498,M.Stafford,8.0,0.0,2022.0,00-0026498,M.Stafford,1.0,1.0,2023.0,00-0026498,M.Stafford,4.0,2.0,2024.0,00-0026498,M.Stafford,10.0,1.0,2018.0,00-0026498,M.Stafford,3.0,0.0,2019.0,00-0026498,M.Stafford,2.0,0.0,2015.0,00-0026498,M.Stafford,7.0,3.0,2017.0,00-0026498,M.Stafford,4.0,2.0,2016.0,00-0026498,M.Stafford,7.0,2.0,,,,,2021.0,00-0026498,M.Stafford,15.0,5.0,2020.0,00-0026498,M.Stafford,8.0,0.0,2022.0,00-0026498,M.Stafford,1.0,1.0,2023.0,00-0026498,M.Stafford,4.0,2.0,2024.0,00-0026498,M.Stafford,10.0,1.0,2018.0,00-0026498,M.Stafford,3.0,0.0,2019.0,00-0026498,M.Stafford,2.0,0.0,2015.0,00-0026498,M.Stafford,7.0,3.0,2017.0,00-0026498,M.Stafford,4.0,2.0,2016.0,00-0026498,M.Stafford,7.0,2.0
17.0,Baker Mayfield (TB),256.8,16.1,26.0,8.0,"3,563",63%,7.3,1.99452680097661,305.0,486.0,"2,344",4.8,160.0,43.0,13.0,5.0,1.0,71.0,95.0,2.7,26.0,0.5,26.0,49.0,179.0,85.0,21.0,1.0,165,54.0,4.0,16.0,00-0034855,2020,54.0,305.0,93.6%,QB,00-0034855,B.Mayfield,2018.0,00-0034855,B.Mayfield,0.0,2021.0,00-0034855,B.Mayfield,4.0,1.0,2020.0,00-0034855,B.Mayfield,12.0,3.0,2022.0,00-0034855,B.Mayfield,7.0,0.0,2023.0,00-0034855,B.Mayfield,17.0,3.0,2024.0,00-0034855,B.Mayfield,10.0,2.0,2018.0,00-0034855,B.Mayfield,8.0,5.0,2019.0,00-0034855,B.Mayfield,7.0,2.0,,,,,,,,,,,,,,,,2018.0,00-0034855,B.Mayfield,0.0,2021.0,00-0034855,B.Mayfield,4.0,1.0,2020.0,00-0034855,B.Mayfield,12.0,3.0,2022.0,00-0034855,B.Mayfield,7.0,0.0,2023.0,00-0034855,B.Mayfield,17.0,3.0,2024.0,00-0034855,B.Mayfield,10.0,2.0,2018.0,00-0034855,B.Mayfield,8.0,5.0,2019.0,00-0034855,B.Mayfield,7.0,2.0,,,,,,,,,,,,,,,
18.0,Jared Goff (DET),253.0,16.9,20.0,13.0,"3,952",67%,7.2,0.909711030329883,370.0,552.0,"2,028",3.7,152.0,47.0,20.0,6.0,2.0,53.0,92.0,2.5,23.0,0.3333333333333333,52.0,42.0,185.0,85.0,26.0,4.0,99,51.0,4.0,15.0,00-0033106,2020,87.0,370.0,59.5%,QB,00-0033106,J.Goff,,,,,2021.0,00-0033106,J.Goff,3.0,1.0,2020.0,00-0033106,J.Goff,7.0,5.0,2022.0,00-0033106,J.Goff,6.0,1.0,2023.0,00-0033106,J.Goff,12.0,2.0,2024.0,00-0033106,J.Goff,11.0,2.0,2018.0,00-0033106,J.Goff,10.0,5.0,2019.0,00-0033106,J.Goff,11.0,6.0,,,,,,2017.0,00-0033106,J.Goff,8.0,1.0,2016.0,00-0033106,J.Goff,1.0,1.0,,,,,2021.0,00-0033106,J.Goff,3.0,1.0,2020.0,00-0033106,J.Goff,7.0,5.0,2022.0,00-0033106,J.Goff,6.0,1.0,2023.0,00-0033106,J.Goff,12.0,2.0,2024.0,00-0033106,J.Goff,11.0,2.0,2018.0,00-0033106,J.Goff,10.0,5.0,2019.0,00-0033106,J.Goff,11.0,6.0,,,,,,2017.0,00-0033106,J.Goff,8.0,1.0,2016.0,00-0033106,J.Goff,1.0,1.0
19.0,Teddy Bridgewater (FA),252.1,16.8,15.0,11.0,"3,733",69%,7.6,4.0386474081702275,340.0,492.0,"2,080",4.2,149.0,49.0,19.0,8.0,3.0,53.0,91.0,2.4,31.0,0.4492753623188406,34.0,42.0,155.0,62.0,21.0,5.0,279,53.0,3.0,15.0,00-0031237,2020,69.0,340.0,0.0%,QB,00-0031237,T.Bridgewater,,,,,2021.0,00-0031237,T.Bridgewater,11.0,3.0,2020.0,00-0031237,T.Bridgewater,19.0,4.0,2022.0,00-0031237,T.Bridgewater,1.0,0.0,,,,,,,,,,,2018.0,00-0031237,T.Bridgewater,4.0,0.0,2019.0,00-0031237,T.Bridgewater,10.0,2.0,2015.0,00-0031237,T.Bridgewater,11.0,2.0,,,,,,,,,,,,,,,2021.0,00-0031237,T.Bridgewater,11.0,3.0,2020.0,00-0031237,T.Bridgewater,19.0,4.0,2022.0,00-0031237,T.Bridgewater,1.0,0.0,,,,,,,,,,,2018.0,00-0031237,T.Bridgewater,4.0,0.0,2019.0,00-0031237,T.Bridgewater,10.0,2.0,2015.0,00-0031237,T.Bridgewater,11.0,2.0,,,,,,,,,,
20.0,Philip Rivers (FA),251.0,15.7,24.0,11.0,"4,169",68%,7.7,0.3264651016185212,369.0,543.0,"2,292",4.2,185.0,56.0,15.0,8.0,2.0,73.0,98.0,2.4,19.0,0.3275862068965517,33.0,38.0,124.0,84.0,17.0,0.0,-8,18.0,1.0,16.0,,2020,58.0,369.0,0.1%,QB,00-0022942,P.Rivers,,,,,,,,,,2020.0,00-0022942,P.Rivers,3.0,0.0,,,,,,,,,,,,,,,,2018.0,00-0022942,P.Rivers,9.0,4.0,2019.0,00-0022942,P.Rivers,1.0,0.0,2015.0,00-0022942,P.Rivers,2.0,0.0,2017.0,00-0022942,P.Rivers,7.0,4.0,2016.0,00-0022942,P.Rivers,3.0,1.0,,,,,,,,,,2020.0,00-0022942,P.Rivers,3.0,0.0,,,,,,,,,,,,,,,,2018.0,00-0022942,P.Rivers,9.0,4.0,2019.0,00-0022942,P.Rivers,1.0,0.0,2015.0,00-0022942,P.Rivers,2.0,0.0,2017.0,00-0022942,P.Rivers,7.0,4.0,2016.0,00-0022942,P.Rivers,3.0,1.0
21.0,Drew Brees (FA),215.4,18.0,24.0,6.0,"2,942",71%,7.5,0.4273537869973695,275.0,390.0,"1,677",4.3,116.0,31.0,10.0,8.0,2.0,62.0,106.0,2.4,13.0,0.2407407407407407,32.0,15.0,92.0,50.0,21.0,2.0,-2,18.0,2.0,12.0,,2020,54.0,275.0,0.3%,QB,00-0020531,D.Brees,2018.0,00-0020531,D.Brees,3.0,,,,,,2020.0,00-0020531,D.Brees,4.0,3.0,,,,,,,,,,,,,,,,2018.0,00-0020531,D.Brees,6.0,4.0,2019.0,00-0020531,D.Brees,1.0,1.0,2015.0,00-0020531,D.Brees,4.0,1.0,2017.0,00-0020531,D.Brees,7.0,2.0,2016.0,00-0020531,D.Brees,9.0,2.0,2018.0,00-0020531,D.Brees,3.0,,,,,,2020.0,00-0020531,D.Brees,4.0,3.0,,,,,,,,,,,,,,,,2018.0,00-0020531,D.Brees,6.0,4.0,2019.0,00-0020531,D.Brees,1.0,1.0,2015.0,00-0020531,D.Brees,4.0,1.0,2017.0,00-0020531,D.Brees,7.0,2.0,2016.0,00-0020531,D.Brees,9.0,2.0
22.0,Carson Wentz (FA),213.4,17.8,16.0,15.0,"2,620",57%,6.0,-3.4937724899902656,251.0,437.0,"1,765",4.0,103.0,27.0,14.0,6.0,3.0,51.0,72.0,2.7,50.0,0.4385964912280701,56.0,38.0,167.0,91.0,23.0,5.0,276,52.0,4.0,12.0,00-0032950,2020,114.0,251.0,0.0%,QB,00-0032950,C.Wentz,2018.0,00-0032950,C.Wentz,9.0,2021.0,00-0032950,C.Wentz,10.0,6.0,2020.0,00-0032950,C.Wentz,14.0,5.0,2022.0,00-0032950,C.Wentz,5.0,2.0,2023.0,00-0032950,C.Wentz,3.0,0.0,2024.0,00-0032950,C.Wentz,2.0,0.0,2018.0,00-0032950,C.Wentz,5.0,3.0,2019.0,00-0032950,C.Wentz,15.0,6.0,,,,,,2017.0,00-0032950,C.Wentz,8.0,2.0,2016.0,00-0032950,C.Wentz,9.0,4.0,2018.0,00-0032950,C.Wentz,9.0,2021.0,00-0032950,C.Wentz,10.0,6.0,2020.0,00-0032950,C.Wentz,14.0,5.0,2022.0,00-0032950,C.Wentz,5.0,2.0,2023.0,00-0032950,C.Wentz,3.0,0.0,2024.0,00-0032950,C.Wentz,2.0,0.0,2018.0,00-0032950,C.Wentz,5.0,3.0,2019.0,00-0032950,C.Wentz,15.0,6.0,,,,,,2017.0,00-0032950,C.Wentz,8.0,2.0,2016.0,00-0032950,C.Wentz,9.0,4.0
23.0,Drew Lock (SEA),196.4,15.1,16.0,15.0,"2,933",57%,6.6,-5.543332781310376,254.0,443.0,"1,671",3.8,113.0,38.0,16.0,8.0,2.0,50.0,74.0,2.6,19.0,0.2923076923076923,37.0,55.0,148.0,98.0,25.0,3.0,160,44.0,3.0,13.0,00-0035704,2020,65.0,254.0,0.1%,QB,00-0035704,D.Lock,,,,,2021.0,00-0035704,D.Lock,3.0,2.0,2020.0,00-0035704,D.Lock,9.0,4.0,,,,,,,,,,,2024.0,00-0035704,D.Lock,2.0,1.0,,,,,,2019.0,00-0035704,D.Lock,2.0,0.0,,,,,,,,,,,,,,,,,,,,2021.0,00-0035704,D.Lock,3.0,2.0,2020.0,00-0035704,D.Lock,9.0,4.0,,,,,,,,,,,2024.0,00-0035704,D.Lock,2.0,1.0,,,,,,2019.0,00-0035704,D.Lock,2.0,0.0,,,,,,,,,,,,,,,
24.0,Daniel Jones (IND),190.2,13.6,11.0,10.0,"2,943",63%,6.6,-2.243342771436325,280.0,448.0,"1,952",4.4,129.0,31.0,13.0,5.0,2.0,59.0,81.0,2.5,45.0,0.4455445544554455,53.0,56.0,200.0,76.0,23.0,1.0,423,65.0,6.0,14.0,00-0035710,2020,101.0,280.0,0.7%,QB,00-0035710,D.Jones,,,,,2021.0,00-0035710,D.Jones,15.0,5.0,2020.0,00-0035710,D.Jones,4.0,0.0,2022.0,00-0035710,D.Jones,28.0,9.0,2023.0,00-0035710,D.Jones,8.0,0.0,2024.0,00-0035710,D.Jones,15.0,7.0,,,,,,2019.0,00-0035710,D.Jones,5.0,1.0,,,,,,,,,,,2016.0,00-0028994,D.Jones,1.0,1.0,,,,,2021.0,00-0035710,D.Jones,15.0,5.0,2020.0,00-0035710,D.Jones,4.0,0.0,2022.0,00-0035710,D.Jones,28.0,9.0,2023.0,00-0035710,D.Jones,8.0,0.0,2024.0,00-0035710,D.Jones,15.0,7.0,,,,,,2019.0,00-0035710,D.Jones,5.0,1.0,,,,,,,,,,,2016.0,00-0028994,D.Jones,1.0,1.0
25.0,Joe Burrow (CIN),178.6,17.9,13.0,5.0,"2,688",65%,6.7,2.100735074099223,264.0,404.0,"1,687",4.2,120.0,23.0,4.0,3.0,2.0,54.0,89.0,2.4,32.0,0.4102564102564102,43.0,29.0,138.0,58.0,19.0,3.0,142,37.0,4.0,10.0,00-0036442,2020,78.0,264.0,99.6%,QB,00-0036442,J.Burrow,,,,,2021.0,00-0036442,J.Burrow,10.0,4.0,2020.0,00-0036442,J.Burrow,10.0,6.0,2022.0,00-0036442,J.Burrow,24.0,11.0,2023.0,00-0036442,J.Burrow,2.0,0.0,2024.0,00-0036442,J.Burrow,6.0,3.0,,,,,,,,,,,,,,,,,,,,,,,,,,,,,,2021.0,00-0036442,J.Burrow,10.0,4.0,2020.0,00-0036442,J.Burrow,10.0,6.0,2022.0,00-0036442,J.Burrow,24.0,11.0,2023.0,00-0036442,J.Burrow,2.0,0.0,2024.0,00-0036442,J.Burrow,6.0,3.0,,,,,,,,,,,,,,,,,,,,,,,,,
