Rank,Player,Team,POS,ESPN,AVG,VORP,VORPvsADP
1.0,Ja'Marr Chase,CIN,WR1,1.0,1.0,136.0,-12
2.0,Bijan Robinson,ATL,RB1,2.0,2.8,196.0,-1
3.0,Saquon Barkley,PHI,RB2,3.0,2.8,210.0,+ 2
4.0,Jahmyr Gibbs,DET,RB3,5.0,4.6,196.0,+ 2
5.0,Justin Jefferson,MIN,WR2,4.0,4.6,108.0,-16
6.0,CeeDee Lamb,DAL,WR3,6.0,5.2,94.0,-23
7.0,Amon-Ra St. Brown,DET,WR4,8.0,8.8,87.0,-24
8.0,Puka Nacua,LAR,WR5,9.0,9.0,95.0,-21
9.0,Malik Nabers,NYG,WR6,11.0,9.2,84.0,-29
10.0,Christian McCaffrey,SF,RB4,7.0,9.4,169.0,+ 6
11.0,Ashton Jeanty,LV,RB5,10.0,10.2,154.0,+ 1
12.0,Derrick Henry,BAL,RB6,13.0,11.4,193.0,+ 8
13.0,De'Von Achane,MIA,RB7,12.0,13.0,158.0,+ 7
14.0,Nico Collins,HOU,WR7,14.0,14.4,87.0,-21
15.0,Brian Thomas Jr.,JAC,WR8,16.0,14.6,88.0,-18
16.0,Josh Jacobs,GB,RB8,18.0,17.0,166.0,+ 12
17.0,A.J. Brown,PHI,WR9,15.0,17.4,76.0,-23
18.0,Brock Bowers,LV,TE1,19.0,18.4,66.0,-34
19.0,Drake London,ATL,WR10,22.0,20.0,71.0,-28
20.0,Jonathan Taylor,IND,RB9,17.0,20.2,159.0,+ 14
21.0,Bucky Irving,TB,RB10,23.0,21.6,146.0,+ 5
22.0,Lamar Jackson,BAL,QB1,21.0,22.8,98.0,-3
23.0,Josh Allen,BUF,QB2,20.0,23.8,99.0,-4
24.0,Kyren Williams,LAR,RB11,26.0,24.2,152.0,+ 16
25.0,Ladd McConkey,LAC,WR11,30.0,24.8,78.0,-16
26.0,Trey McBride,ARI,TE2,24.0,26.0,53.0,-36
27.0,Chase Brown,CIN,RB12,33.0,27.4,132.0,+ 9
28.0,Tyreek Hill,MIA,WR12,28.0,28.4,71.0,-18
29.0,Tee Higgins,CIN,WR13,27.0,30.8,69.0,-14
30.0,Jayden Daniels,WAS,QB3,25.0,31.0,78.0,-12
31.0,James Cook,BUF,RB13,32.0,31.8,139.0,+ 21
32.0,Jaxon Smith-Njigba,SEA,WR14,36.0,33.4,57.0,-28
33.0,Breece Hall,NYJ,RB14,49.0,34.2,124.0,+ 14
34.0,Garrett Wilson,NYJ,WR15,39.0,35.6,50.0,-36
35.0,Joe Burrow,CIN,QB4,31.0,36.4,66.0,-17
36.0,Davante Adams,LAR,WR16,35.0,37.2,66.0,-13
37.0,Terry McLaurin,WAS,WR17,40.0,37.6,68.0,-11
38.0,George Kittle,SF,TE3,34.0,38.0,69.0,-7
39.0,Kenneth Walker III,SEA,RB15,38.0,38.2,122.0,+ 27
40.0,Jalen Hurts,PHI,QB5,29.0,38.4,79.0,+ 2
41.0,Alvin Kamara,NO,RB16,37.0,38.8,113.0,+ 18
42.0,Mike Evans,TB,WR18,42.0,40.2,74.0,-1
43.0,Marvin Harrison Jr.,ARI,WR19,43.0,40.4,62.0,-16
44.0,Omarion Hampton,LAC,RB17,48.0,43.6,115.0,+ 18
45.0,Chuba Hubbard,CAR,RB18,45.0,45.6,113.0,+ 25
46.0,James Conner,ARI,RB19,47.0,47.2,124.0,+ 32
47.0,Rashee Rice,KC,WR20,58.0,48.0,30.0,-52
48.0,DJ Moore,CHI,WR21,54.0,48.8,50.0,-23
49.0,DK Metcalf,PIT,WR22,44.0,49.8,61.0,-6
51.0,Sam LaPorta,DET,TE4,41.0,51.6,37.0,-33
52.0,Courtland Sutton,DEN,WR23,59.0,53.6,52.0,-15
53.0,Patrick Mahomes II,KC,QB6,46.0,54.6,47.0,-16
54.0,DeVonta Smith,PHI,WR24,62.0,57.0,45.0,-22
55.0,Xavier Worthy,KC,WR25,50.0,57.4,53.0,-3
56.0,D'Andre Swift,CHI,RB21,55.0,57.6,104.0,+ 36
57.0,David Montgomery,DET,RB22,60.0,59.0,103.0,+ 31
58.0,TreVeyon Henderson,NE,RB23,73.0,61.2,89.0,+ 24
59.0,T.J. Hockenson,MIN,TE5,53.0,61.8,27.0,-39
60.0,Jameson Williams,DET,WR26,65.0,61.8,50.0,-10
61.0,Zay Flowers,BAL,WR27,56.0,62.0,54.0,+ 1
62.0,RJ Harvey,DEN,RB24,77.0,62.6,71.0,+ 7
63.0,Travis Kelce,KC,TE6,57.0,62.8,28.0,-32
64.0,Travis Hunter,JAC,WR28,61.0,63.8,30.0,-29
65.0,Aaron Jones Sr.,MIN,RB25,66.0,64.4,105.0,+ 41
66.0,Baker Mayfield,TB,QB7,52.0,66.0,43.0,-3
67.0,George Pickens,DAL,WR29,64.0,66.8,43.0,-12
68.0,Isiah Pacheco,KC,RB26,74.0,66.8,83.0,+ 25
69.0,Tetairoa McMillan,CAR,WR30,75.0,67.2,33.0,-35
70.0,Calvin Ridley,TEN,WR31,63.0,69.0,50.0,+ 5
71.0,Kaleb Johnson,PIT,RB27,72.0,69.6,87.0,+ 32
72.0,Jaylen Waddle,MIA,WR32,67.0,74.8,35.0,-15
73.0,Tony Pollard,TEN,RB28,87.0,75.0,92.0,+ 39
74.0,Mark Andrews,BAL,TE7,71.0,76.0,38.0,+ 2
75.0,Jerry Jeudy,CLE,WR33,69.0,76.0,40.0,-9
76.0,Bo Nix,DEN,QB8,68.0,76.4,31.0,-16
77.0,Chris Godwin,TB,WR34,90.0,78.4,32.0,-19
78.0,Chris Olave,NO,WR35,88.0,80.8,25.0,-33
79.0,Jordan Addison,MIN,WR36,91.0,83.6,30.0,-23
80.0,Brian Robinson Jr.,WAS,RB29,92.0,83.6,86.0,+ 45
81.0,Rome Odunze,CHI,WR37,76.0,85.0,30.0,-17
82.0,Evan Engram,DEN,TE8,80.0,86.8,4.0,-74
83.0,Kyler Murray,ARI,QB9,78.0,87.4,37.0,+ 2
84.0,David Njoku,CLE,TE9,70.0,88.4,22.0,-8
85.0,Deebo Samuel Sr.,WAS,WR38,99.0,88.6,40.0,+ 1
86.0,Cooper Kupp,SEA,WR39,79.0,88.8,21.0,-29
87.0,Stefon Diggs,NE,WR40,85.0,89.4,24.0,-16
88.0,Tyrone Tracy Jr.,NYG,RB30,98.0,91.2,79.0,+ 38
89.0,Jaylen Warren,PIT,RB31,101.0,92.8,58.0,+ 26
90.0,Quinshon Judkins,CLE,RB32,138.0,93.4,57.0,+ 19
91.0,Cam Skattebo,NYG,RB33,96.0,93.8,44.0,+ 17
92.0,Jakobi Meyers,LV,WR41,86.0,94.0,36.0,+ 2
93.0,Khalil Shakir,BUF,WR42,102.0,95.8,18.0,-28
94.0,Jauan Jennings,SF,WR43,110.0,99.2,37.0,+ 8
95.0,Travis Etienne Jr.,JAC,RB34,122.0,99.8,51.0,+ 19
96.0,Matthew Golden,GB,WR44,89.0,101.0,28.0,-5
97.0,Javonte Williams,DAL,RB35,93.0,102.4,61.0,+ 40
98.0,Brock Purdy,SF,QB10,82.0,105.6,32.0,+ 19
99.0,Ricky Pearsall,SF,WR45,111.0,105.8,24.0,-7
100.0,Justin Fields,NYJ,QB11,113.0,107.4,21.0,+ 4
101.0,Jared Goff,DET,QB12,115.0,108.0,15.0,-25
102.0,Dak Prescott,DAL,QB13,100.0,108.8,11.0,-26
103.0,Rhamondre Stevenson,NE,RB36,106.0,109.6,50.0,+ 35
104.0,Jayden Reed,GB,WR46,118.0,110.2,35.0,+ 8
105.0,Brandon Aubrey,DAL,K1,97.0,111.4,,
106.0,Najee Harris,LAC,RB37,156.0,113.4,52.0,+ 33
107.0,Denver Broncos,DST,DST1,84.0,114.0,12.0,+ 28
108.0,Tyler Warren,IND,TE10,127.0,114.6,10.0,-32
109.0,Tucker Kraft,GB,TE11,103.0,114.8,12.0,-15
110.0,Jonnu Smith,PIT,TE12,169.0,115.0,0.0,-93
111.0,Caleb Williams,CHI,QB14,120.0,115.0,8.0,-46
112.0,Colston Loveland,CHI,TE13,117.0,115.4,5.0,-43
113.0,Justin Herbert,LAC,QB15,95.0,117.0,10.0,-26
114.0,Jordan Mason,MIN,RB38,139.0,117.6,48.0,+ 33
115.0,J.K. Dobbins,DEN,RB39,104.0,118.2,58.0,+ 61
116.0,Philadelphia Eagles,DST,DST2,119.0,119.6,12.0,+ 37
117.0,Zach Charbonnet,SEA,RB40,150.0,122.4,40.0,+ 20
118.0,Brandon Aiyuk,SF,WR47,164.0,122.4,10.0,-26
119.0,Emeka Egbuka,TB,WR48,121.0,122.4,6.0,-34
120.0,Keon Coleman,BUF,WR49,109.0,125.4,26.0,+ 22
121.0,Cameron Dicker,LAC,K2,112.0,125.6,,
122.0,Josh Downs,IND,WR50,158.0,126.4,9.0,-34
123.0,Michael Pittman Jr.,IND,WR51,116.0,126.4,16.0,-6
124.0,Rachaad White,TB,RB41,136.0,129.4,39.0,+ 40
125.0,Tyjae Spears,TEN,RB42,135.0,130.0,38.0,+ 23
126.0,Darnell Mooney,ATL,WR52,126.0,130.0,22.0,+ 9
127.0,Dalton Kincaid,BUF,TE14,131.0,132.4,3.0,-41
128.0,Jordan Love,GB,QB16,123.0,134.0,1.0,-42
129.0,Pittsburgh Steelers,DST,DST3,83.0,135.0,7.0,+ 17
130.0,Austin Ekeler,WAS,RB43,125.0,135.2,49.0,+ 62
131.0,Jake Ferguson,DAL,TE15,130.0,135.4,5.0,-33
132.0,Baltimore Ravens,DST,DST4,108.0,135.8,10.0,+ 48
133.0,Dallas Goedert,PHI,TE16,114.0,136.2,9.0,-6
134.0,Jake Bates,DET,K3,94.0,138.0,,
135.0,Jaydon Blue,DAL,RB44,176.0,138.6,11.0,-8
136.0,C.J. Stroud,HOU,QB17,144.0,141.6,0.0,-46
137.0,Tank Bigsby,JAC,RB45,134.0,143.0,42.0,+ 42
138.0,Kyle Pitts Sr.,ATL,TE17,141.0,143.6,3.0,-27
139.0,Buffalo Bills,DST,DST5,148.0,144.0,12.0,+ 77
140.0,Tre' Harris,LAC,WR53,162.0,144.6,8.0,-13
141.0,Jayden Higgins,HOU,WR54,128.0,145.2,0.0,-82
142.0,Bhayshul Tuten,JAC,RB46,178.0,146.8,16.0,+ 18
143.0,Isaac Guerendo,SF,RB47,183.0,148.0,16.0,+ 13
144.0,Drake Maye,NE,QB18,152.0,148.4,0.0,-85
145.0,Chase McLaughlin,TB,K4,105.0,149.0,,
146.0,J.J. McCarthy,MIN,QB19,132.0,150.4,11.0,-1
147.0,Minnesota Vikings,DST,DST6,107.0,150.8,4.0,+ 20
148.0,Nick Chubb,HOU,RB48,165.0,151.6,21.0,+ 32
149.0,Rashid Shaheed,NO,WR55,124.0,152.4,23.0,+ 35
150.0,Houston Texans,DST,DST7,81.0,153.0,11.0,+ 56
151.0,Zach Ertz,WAS,TE18,160.0,155.6,4.0,-3
152.0,Marvin Mims Jr.,DEN,WR56,153.0,156.6,18.0,+ 18
153.0,Chris Boswell,PIT,K5,137.0,159.4,,
154.0,Ka'imi Fairbairn,HOU,K6,172.0,159.8,,
155.0,Luther Burden III,CHI,WR57,171.0,162.0,0.0,-64
156.0,Marquise Brown,KC,WR58,174.0,162.6,9.0,+ 7
157.0,Trey Benson,ARI,RB49,161.0,163.0,21.0,+ 31
158.0,Jack Bech,LV,WR59,142.0,163.8,0.0,-80
159.0,Hunter Henry,NE,TE19,159.0,165.2,0.0,-26
160.0,Jerome Ford,CLE,RB50,143.0,165.6,33.0,+ 39
161.0,Tyler Allgeier,ATL,RB51,170.0,166.0,19.0,+ 32
162.0,Isaiah Likely,BAL,TE20,192.0,167.2,0.0,-38
163.0,Christian Kirk,HOU,WR60,242.0,168.4,0.0,-27
164.0,Trevor Lawrence,JAC,QB20,182.0,169.6,0.0,-68
165.0,Tua Tagovailoa,MIA,QB21,166.0,170.2,0.0,-105
166.0,Harrison Butker,KC,K7,147.0,170.6,,
167.0,San Francisco 49ers,DST,DST8,179.0,170.8,0.0,
168.0,Ray Davis,BUF,RB52,225.0,174.4,12.0,+ 9
169.0,Jake Elliott,PHI,K8,140.0,175.0,,
170.0,Tyler Bass,BUF,K9,149.0,177.8,,
171.0,Michael Penix Jr.,ATL,QB22,184.0,178.0,0.0,-94
172.0,Rashod Bateman,BAL,WR61,190.0,178.2,11.0,+ 33
173.0,Detroit Lions,DST,DST9,129.0,179.2,1.0,+ 40
174.0,Matthew Stafford,LAR,QB23,168.0,180.4,0.0,-90
175.0,Xavier Legette,CAR,WR62,155.0,180.8,0.0,-4
176.0,Dylan Sampson,CLE,RB53,157.0,181.2,27.0,+ 50
177.0,Jason Sanders,MIA,K10,146.0,182.2,,
178.0,Braelon Allen,NYJ,RB54,215.0,182.8,7.0,+ 3
179.0,Kansas City Chiefs,DST,DST10,181.0,182.8,0.0,
180.0,Kyle Williams,NE,WR63,194.0,183.0,0.0,-79
181.0,Adam Thielen,CAR,WR64,151.0,183.8,3.0,+ 14
182.0,Jaylen Wright,MIA,RB55,221.0,187.8,10.0,+ 22
183.0,Pat Freiermuth,PIT,TE21,200.0,191.0,0.0,-49
184.0,Kareem Hunt,KC,RB56,212.0,191.4,1.0,+ 21
185.0,Wil Lutz,DEN,K11,205.0,192.0,,
186.0,Younghoe Koo,ATL,K12,193.0,192.0,,
187.0,Dallas Cowboys,DST,DST11,188.0,195.0,8.0,+ 109
188.0,Jalen McMillan,TB,WR65,233.0,198.2,0.0,-93
189.0,Brenton Strange,JAC,TE22,237.0,199.4,0.0,-44
190.0,Darren Waller,MIA,TE23,198.0,200.8,0.0,
191.0,Quentin Johnston,LAC,WR66,196.0,202.6,10.0,+ 46
192.0,Green Bay Packers,DST,DST12,189.0,203.2,5.0,+ 89
193.0,Evan McPherson,CIN,K13,186.0,204.2,,
194.0,Cedric Tillman,CLE,WR67,185.0,204.6,0.0,-37
195.0,Rico Dowdle,CAR,RB57,314.0,207.2,14.0,+ 18
196.0,Roschon Johnson,CHI,RB58,256.0,208.6,13.0,+ 50
197.0,Anthony Richardson Sr.,IND,QB24,208.0,208.6,,
198.0,New York Jets,DST,DST13,175.0,211.4,0.0,+ 68
199.0,Los Angeles Chargers,DST,DST14,211.0,211.6,0.0,
200.0,Wan'Dale Robinson,NYG,WR68,228.0,211.6,0.0,-42
201.0,Geno Smith,LV,QB25,210.0,212.0,0.0,-89
202.0,Romeo Doubs,GB,WR69,235.0,212.6,0.0,-34
203.0,Justice Hill,BAL,RB59,249.0,214.4,0.0,-41
204.0,Cameron Ward,TEN,QB26,163.0,177.8,0.0,-104
205.0,Chicago Bears,DST,DST15,204.0,185.3,0.0,+ 111
206.0,DeAndre Hopkins,BAL,WR70,209.0,186.8,0.0,-107
207.0,Bryce Young,CAR,QB27,187.0,190.0,0.0,-108
208.0,Matt Gay,WAS,K14,173.0,193.8,,
209.0,Tampa Bay Buccaneers,DST,DST16,191.0,194.0,0.0,
210.0,Tyler Loop,BAL,K15,154.0,199.8,,
211.0,Arizona Cardinals,DST,DST17,195.0,203.0,0.0,+ 89
212.0,Mike Gesicki,CIN,TE24,201.0,203.5,0.0,-29
213.0,Cade Otton,TB,TE25,217.0,204.0,0.0,-5
214.0,Aaron Rodgers,PIT,QB28,197.0,205.5,0.0,-156
215.0,New England Patriots,DST,DST18,145.0,206.0,0.0,+ 3
216.0,DeMario Douglas,NE,WR71,,206.3,0.0,-55
217.0,Sam Darnold,SEA,QB29,206.0,207.8,0.0,-84
218.0,New York Giants,DST,DST19,180.0,210.5,4.0,+ 78
219.0,Zack Moss,,RB60,,212.8,0.0,+ 23
220.0,Joshua Palmer,BUF,WR72,,213.3,0.0,-35
221.0,Chig Okonkwo,TEN,TE26,199.0,213.8,0.0,-42
222.0,Los Angeles Rams,DST,DST20,214.0,217.3,0.0,
223.0,Raheem Mostert,LV,RB61,,219.0,0.0,+ 36
224.0,Blake Corum,LAR,RB62,,219.8,0.0,-9
225.0,MarShawn Lloyd,GB,RB63,,220.3,10.0,+ 59
226.0,Elijah Arroyo,SEA,TE27,223.0,223.3,0.0,-51
227.0,Mason Taylor,NYJ,TE28,257.0,224.3,0.0,-107
228.0,Daniel Carlson,LV,K16,216.0,226.3,,
229.0,Will Shipley,PHI,RB64,,230.3,0.0,-68
230.0,Dalton Schultz,HOU,TE29,234.0,233.8,0.0,-14
231.0,Will Reichard,MIN,K17,213.0,235.0,,
232.0,Elijah Mitchell,KC,RB65,,238.3,0.0,-22
233.0,Jake Moody,SF,K18,222.0,239.8,,
234.0,Seattle Seahawks,DST,DST21,133.0,167.3,0.0,+ 47
235.0,Washington Commanders,DST,DST22,207.0,174.7,0.0,+ 23
236.0,Isaac TeSlaa,DET,WR73,258.0,259.5,,
237.0,Jacory Croskey-Merritt,WAS,RB66,,263.0,0.0,-64
238.0,Jarquez Hunter,LAR,RB67,,277.8,0.0,-57
239.0,Cincinnati Bengals,DST,DST23,226.0,196.3,0.0,+ 83
240.0,Cleveland Browns,DST,DST24,219.0,202.0,0.0,+ 116
241.0,Brandon McManus,GB,K19,203.0,214.7,,
242.0,Shedeur Sanders,CLE,QB30,202.0,221.0,,
243.0,Indianapolis Colts,DST,DST25,167.0,222.0,0.0,+ 123
244.0,Miles Sanders,DAL,RB68,,223.3,0.0,+ 34
245.0,Taysom Hill,NO,TE30,260.0,225.7,0.0,-34
246.0,Alec Pierce,IND,WR74,,226.3,0.0,-40
247.0,Jalen Royals,KC,WR75,300.0,294.8,,
248.0,Tyler Lockett,TEN,WR76,230.0,228.7,0.0,+ 11
249.0,Joshua Karty,LAR,K20,224.0,229.7,,
250.0,Dont'e Thornton Jr.,LV,WR77,,233.3,0.0,-57
251.0,Russell Wilson,NYG,QB31,238.0,239.3,,
252.0,Jaxson Dart,NYG,QB32,220.0,240.3,,
253.0,DJ Giddens,IND,RB69,,243.3,0.0,-105
254.0,Cole Kmet,CHI,TE31,239.0,244.0,0.0,-65
255.0,Miami Dolphins,DST,DST26,243.0,244.3,0.0,+ 64
256.0,Las Vegas Raiders,DST,DST27,236.0,244.7,0.0,+ 89
257.0,Tennessee Titans,DST,DST28,255.0,250.7,0.0,+ 37
258.0,Kyle Monangai,CHI,RB70,,251.3,0.0,-109
259.0,Jacksonville Jaguars,DST,DST29,231.0,251.3,0.0,+ 82
260.0,New Orleans Saints,DST,DST30,241.0,253.7,0.0,+ 79
261.0,Tahj Brooks,CIN,RB71,343.0,315.8,0.0,-83
262.0,Andrei Iosivas,CIN,WR78,,256.0,0.0,-27
263.0,Keenan Allen,,WR79,,258.0,,
264.0,Trevor Etienne,CAR,RB72,,258.0,0.0,-18
265.0,Noah Gray,KC,TE32,268.0,260.0,0.0,-40
266.0,Darius Slayton,NYG,WR80,,260.3,0.0,-30
267.0,Brashard Smith,KC,RB73,,266.0,0.0,-115
268.0,Justin Tucker,,K21,218.0,267.0,,
269.0,Jalen Milroe,SEA,QB33,245.0,267.0,,
270.0,Tyler Higbee,LAR,TE33,261.0,270.0,0.0,+ 33
271.0,Terrance Ferguson,LAR,TE34,279.0,271.7,0.0,-118
272.0,Ollie Gordon II,MIA,RB74,,272.0,0.0,-66
273.0,Ja'Tavion Sanders,CAR,TE35,302.0,275.3,0.0,-44
274.0,Jaylin Noel,HOU,WR81,,278.0,0.0,-108
275.0,Dontayvion Wicks,GB,WR82,288.0,280.7,0.0,-37
276.0,Dyami Brown,JAC,WR83,,282.0,0.0,-36
277.0,Pat Bryant,DEN,WR84,,284.3,0.0,-101
278.0,Woody Marks,HOU,RB75,,285.7,0.0,-51
279.0,Keaton Mitchell,BAL,RB76,,286.3,0.0,+ 31
280.0,Devin Neal,NO,RB77,,293.0,0.0,-81
281.0,Theo Johnson,NYG,TE36,290.0,293.3,0.0,+ 4
282.0,Kendre Miller,NO,RB78,,295.0,0.0,
283.0,Cairo Santos,CHI,K22,177.0,201.0,,
284.0,Jason Myers,SEA,K23,229.0,205.5,,
285.0,Jaleel McLaughlin,DEN,RB79,,218.0,0.0,-48
286.0,Atlanta Falcons,DST,DST31,232.0,224.0,0.0,
287.0,Calvin Austin III,PIT,WR85,,234.5,0.0,+ 9
288.0,Roman Wilson,PIT,WR86,330.0,326.7,,
289.0,Troy Franklin,DEN,WR87,296.0,327.3,0.0,+ 1
290.0,Samaje Perine,CIN,RB80,,242.5,0.0,+ 72
291.0,Blake Grupe,NO,K24,253.0,244.5,,
292.0,Cam Little,JAC,K25,263.0,245.0,,
293.0,Carolina Panthers,DST,DST32,227.0,246.0,0.0,
294.0,Tank Dell,HOU,WR88,259.0,250.0,,
295.0,KaVontae Turpin,DAL,WR89,265.0,251.0,,
296.0,Dawson Knox,BUF,TE37,247.0,252.5,0.0,
297.0,Andy Borregales,NE,K26,244.0,256.0,,
298.0,Kayshon Boutte,NE,WR90,333.0,337.0,,
299.0,Graham Gano,NYG,K27,240.0,260.0,,
300.0,A.J. Dillon,PHI,RB81,,261.0,0.0,+ 1
301.0,Joe Flacco,CLE,QB34,453.0,341.3,,
302.0,Sean Tucker,TB,RB82,,266.0,0.0,+ 7
303.0,Jimmy Horn Jr.,CAR,WR91,250.0,267.5,,
304.0,Dustin Hopkins,CLE,K28,246.0,268.5,,
305.0,Antonio Gibson,NE,RB83,,270.5,0.0,+ 6
306.0,Juwan Johnson,NO,TE38,,270.5,0.0,+ 8
307.0,Xavier Restrepo,TEN,WR92,366.0,347.0,,
308.0,Kirk Cousins,ATL,QB35,278.0,272.0,,
309.0,Jahan Dotson,PHI,WR93,251.0,274.5,,
310.0,Elic Ayomanor,TEN,WR94,,275.0,0.0,-71
311.0,Diontae Johnson,CLE,WR95,,275.0,0.0,-29
312.0,Joey Slye,TEN,K29,264.0,275.5,,
313.0,AJ Barner,SEA,TE39,272.0,275.5,0.0,
314.0,Chad Ryland,ARI,K30,283.0,278.0,,
315.0,JuJu Smith-Schuster,KC,WR96,291.0,283.0,,
316.0,Tyler Shough,NO,QB36,,284.0,,
317.0,Tyler Conklin,LAC,TE40,,286.0,0.0,-35
318.0,Ray-Ray McCloud III,ATL,WR97,,288.0,0.0,-9
319.0,Michael Wilson,ARI,WR98,,289.5,0.0,+ 7
320.0,Parker Romo,NE,K31,276.0,291.5,,
321.0,Marquez Valdes-Scantling,SEA,WR99,,291.5,0.0,+ 45
322.0,Luke Musgrave,GB,TE41,266.0,292.0,,
323.0,Luke McCaffrey,WAS,WR100,285.0,293.5,,
324.0,Tim Patrick,DET,WR101,297.0,294.5,,
325.0,Jalen Coker,CAR,WR102,,296.0,0.0,-10
326.0,Daniel Jones,IND,QB37,,296.0,,
327.0,Will Howard,PIT,QB38,275.0,298.5,,
328.0,Tutu Atwell,LAR,WR103,,299.0,0.0,+ 35
329.0,Christian Watson,GB,WR104,,299.5,0.0,+ 2
330.0,Michael Mayer,LV,TE42,,299.5,0.0,
331.0,Hunter Renfrow,CAR,WR105,248.0,301.0,,
332.0,Spencer Shrader,IND,K32,286.0,303.5,,
333.0,Jordan James,SF,RB84,,304.0,0.0,-53
334.0,Joe Milton III,DAL,QB39,289.0,304.5,,
335.0,Darnell Washington,PIT,TE43,305.0,304.5,,
336.0,Ryan Fitzgerald,CAR,K33,252.0,307.0,,
337.0,Grant Calcaterra,PHI,TE44,318.0,307.5,,
338.0,Austin Hooper,NE,TE45,287.0,308.0,0.0,
339.0,Adonai Mitchell,IND,WR106,,312.0,0.0,-53
340.0,Harold Fannin Jr.,CLE,TE46,369.0,386.7,,
341.0,Will Dissly,LAC,TE47,354.0,319.0,0.0,
342.0,Elijah Moore,BUF,WR107,345.0,320.0,,
343.0,Audric Estime,DEN,RB85,322.0,320.5,0.0,-4
344.0,Harrison Mevis,NYJ,K34,282.0,321.5,,
345.0,Tory Horton,SEA,WR108,425.0,380.7,,
346.0,Joshua Dobbs,NE,QB40,274.0,322.5,,
347.0,Brock Wright,DET,TE48,326.0,325.0,,
348.0,Jameis Winston,NYG,QB41,308.0,328.5,,
349.0,Sterling Shepard,TB,WR109,331.0,329.5,,
350.0,Deshaun Watson,CLE,QB42,267.0,331.0,,
351.0,Jake Bobo,SEA,WR110,306.0,332.0,,
352.0,Carson Steele,KC,RB86,310.0,335.0,,
353.0,Greg Joseph,SF,K35,323.0,337.5,,
354.0,Tanner McKee,PHI,QB43,294.0,339.0,,
355.0,Jalen Nailor,MIN,WR111,351.0,341.5,0.0,-23
356.0,Josh Oliver,MIN,TE49,313.0,343.5,,
357.0,J.J. Taylor,HOU,RB87,337.0,346.0,,
358.0,Jalin Hyatt,NYG,WR112,284.0,346.5,,
359.0,Amari Cooper,,WR113,,347.5,,
360.0,Robert Woods,PIT,WR114,328.0,347.5,,
361.0,Mecole Hardman Jr.,GB,WR115,344.0,348.5,,
362.0,Jordan Whittington,LAR,WR116,,350.5,0.0,-8
363.0,Dameon Pierce,HOU,RB88,411.0,353.5,0.0,+ 12
364.0,Mack Hollins,NE,WR117,311.0,353.5,,
365.0,Luke Schoonmaker,DAL,TE50,304.0,354.5,,
366.0,Malik Willis,GB,QB44,307.0,355.5,,
367.0,Craig Reynolds,DET,RB89,312.0,355.5,,
368.0,Mitchell Trubisky,BUF,QB45,317.0,355.5,,
369.0,Deuce Vaughn,DAL,RB90,360.0,358.5,,
370.0,Kendrick Bourne,NE,WR118,292.0,359.0,,
371.0,Oronde Gadsden II,LAC,TE51,433.0,417.3,,
372.0,Adam Trautman,DEN,TE52,320.0,360.0,,
373.0,Mac Jones,SF,QB46,342.0,360.5,,
374.0,Kalif Raymond,DET,WR119,374.0,362.0,,
375.0,Jarrett Stidham,DEN,QB47,352.0,363.5,,
376.0,Hendon Hooker,DET,QB48,295.0,366.5,,
377.0,Nick Folk,NYJ,K36,273.0,367.5,,
378.0,Tylan Wallace,BAL,WR120,334.0,367.5,,
379.0,Devaughn Vele,DEN,WR121,393.0,368.0,0.0,-55
380.0,Ben Sinnott,WAS,TE53,,368.5,,
381.0,Kyle Juszczyk,SF,RB91,,239.0,0.0,
382.0,Drew Lock,SEA,QB49,402.0,369.0,,
383.0,Ty Chandler,MIN,RB92,357.0,369.0,0.0,
384.0,Trey Lance,LAC,QB50,340.0,371.0,,
385.0,Odell Beckham Jr.,,WR122,281.0,372.5,,
386.0,Noah Fant,CIN,TE54,,251.0,0.0,-40
387.0,Devin Singletary,NYG,RB93,,255.0,0.0,+ 63
388.0,Julian Hill,MIA,TE55,372.0,379.0,,
389.0,Jordan Travis,,QB51,262.0,262.0,,
390.0,Daniel Bellinger,NYG,TE56,325.0,380.5,,
391.0,Matthew Wright,CAR,K37,423.0,381.0,,
392.0,Zamir White,LV,RB94,269.0,383.5,0.0,
393.0,Andy Dalton,CAR,QB52,378.0,384.5,,
394.0,KeAndre Lambert-Smith,LAC,WR123,270.0,492.5,,
395.0,C.J. Ham,MIN,RB95,346.0,385.0,,
396.0,Jude McAtamney,NYG,K38,271.0,398.0,,
397.0,Jalen Tolbert,DAL,WR124,,276.0,0.0,+ 42
398.0,Quinn Ewers,MIA,QB53,319.0,387.5,,
399.0,Jermar Jefferson,TEN,RB96,277.0,429.5,,
400.0,Aidan O'Connell,LV,QB54,370.0,388.5,,
401.0,Olamide Zaccheaus,CHI,WR125,348.0,389.5,,
402.0,Equanimeous St. Brown,,WR126,280.0,414.5,,
403.0,Kenneth Gainwell,PIT,RB97,,283.0,0.0,+ 24
404.0,Tez Johnson,TB,WR127,324.0,391.0,,
405.0,Brandon Allen,TEN,QB55,359.0,391.0,,
406.0,Cooper Rush,BAL,QB56,355.0,391.5,,
407.0,Elijah Higgins,ARI,TE57,444.0,392.5,,
408.0,Tre Tucker,LV,WR128,,289.0,0.0,+ 15
409.0,Ainias Smith,PHI,WR129,445.0,395.0,,
410.0,Scott Matlock,LAC,DT1,293.0,293.0,,
411.0,Tommy Tremble,CAR,TE58,416.0,397.0,,
412.0,John Samuel Shenker,,TE59,298.0,298.0,,
413.0,Tommy DeVito,NYG,QB57,299.0,406.0,,
414.0,Brandin Cooks,NO,WR130,,300.0,0.0,-4
415.0,Jermaine Burton,CIN,WR131,,410.5,,
416.0,Tyson Bagent,CHI,QB58,301.0,539.0,,
417.0,Nathan Rourke,,QB59,303.0,303.0,,
418.0,Patrick Ricard,BAL,RB98,376.0,401.5,,
419.0,Savion Williams,GB,WR132,309.0,497.0,,
420.0,Allen Lazard,NYJ,WR133,,313.0,0.0,
421.0,Zach Wilson,MIA,QB60,315.0,535.0,,
422.0,Matt Barkley,,QB61,316.0,316.0,,
423.0,Ben DiNucci,,QB62,321.0,321.0,,
424.0,Connor Heyward,PIT,TE60,480.0,410.0,,
425.0,Damien Martinez,SEA,RB99,430.0,410.0,0.0,-27
426.0,Nick Westbrook-Ikhine,MIA,WR134,,323.0,0.0,
427.0,Kimani Vidal,LAC,RB100,412.0,412.5,,
428.0,Julio Jones,,WR135,327.0,327.0,,
429.0,Darrynton Evans,BUF,RB101,451.0,413.5,,
430.0,Ezekiel Elliott,,RB102,329.0,329.0,,
431.0,Ty Johnson,BUF,RB103,,330.0,0.0,+ 101
432.0,Mason Crosby,,K39,332.0,332.0,,
433.0,Emanuel Wilson,GB,RB104,,333.0,0.0,+ 19
434.0,Dalvin Cook,,RB105,335.0,335.0,,
435.0,Tai Felton,MIN,WR136,336.0,434.0,,
436.0,Alexander Mattison,MIA,RB106,,337.0,0.0,-10
437.0,Drew Sample,CIN,TE61,,338.0,,
438.0,Lil'Jordan Humphrey,NYG,WR137,338.0,448.0,,
439.0,Eddy Pineiro,,K40,339.0,443.0,,
440.0,David Moore,CAR,WR138,470.0,421.0,,
441.0,Spencer Rattler,NO,QB63,,344.0,,
442.0,Travis Homer,CHI,RB107,368.0,423.0,,
443.0,LeQuint Allen Jr.,JAC,RB108,347.0,594.5,,
444.0,Devontez Walker,BAL,WR139,349.0,492.5,,
445.0,Mitchell Evans,CAR,TE62,350.0,510.5,,
446.0,Noah Brown,WAS,WR140,,351.0,0.0,
447.0,Zane Gonzalez,,K41,381.0,425.5,,
448.0,Teddy Bridgewater,,QB64,353.0,353.0,,
449.0,Mason Rudolph,PIT,QB65,380.0,426.5,,
450.0,Gavin Bartholomew,MIN,TE63,356.0,443.5,,
451.0,Hassan Haskins,LAC,RB109,476.0,428.0,,
452.0,Sione Vaki,DET,RB110,447.0,429.0,,
453.0,Julius Chestnut,TEN,RB111,361.0,432.0,,
454.0,Johnny Wilson,PHI,WR141,362.0,504.5,,
455.0,Max Duggan,,QB66,363.0,363.0,,
456.0,Terrace Marshall Jr.,PHI,WR142,364.0,472.0,,
457.0,Anthony Brown Jr.,,QB67,365.0,365.0,,
458.0,Lucas Havrisik,,K42,367.0,367.0,,
459.0,Jaylin Lane,WAS,WR143,407.0,433.0,,
460.0,Demarcus Robinson,SF,WR144,,368.0,,
461.0,Jeremy McNichols,WAS,RB112,,369.0,,
462.0,Curtis Samuel,BUF,WR145,,370.0,0.0,-7
463.0,Avery Williams,PHI,RB113,371.0,475.0,,
464.0,Greg Dortch,ARI,WR146,,373.0,,
465.0,Jaren Hall,,QB68,373.0,373.0,,
466.0,Ben Skowronek,PIT,WR147,384.0,436.5,,
467.0,Tyler Scott,CHI,WR148,375.0,375.0,,
468.0,Ryan Tannehill,,QB69,377.0,377.0,,
469.0,Clyde Edwards-Helaire,NO,RB114,,377.0,0.0,
470.0,DeWayne McBride,,RB115,379.0,379.0,,
471.0,Sincere McCormick,LV,RB116,,382.0,,
472.0,Rondale Moore,MIN,WR149,382.0,569.0,,
473.0,Carson Wentz,,QB70,383.0,461.0,,
474.0,Charlie Kolar,BAL,TE64,389.0,441.5,,
475.0,E.J. Jenkins,PHI,TE65,,385.0,,
476.0,D.J. Montgomery,IND,WR150,385.0,473.0,,
477.0,Baylor Cupp,BAL,TE66,386.0,386.0,,
478.0,Jalen Reagor,LAC,WR151,387.0,481.0,,
479.0,Cade York,,K43,484.0,443.5,,
480.0,Scotty Miller,PIT,WR152,388.0,475.0,,
481.0,Rasheen Ali,BAL,RB117,442.0,444.0,,
482.0,Xavier Gipson,NYJ,WR153,390.0,452.0,,
483.0,Stetson Bennett IV,LAR,QB71,391.0,505.0,,
484.0,Case Keenum,CHI,QB72,392.0,392.0,,
485.0,Jimmy Garoppolo,LAR,QB73,,392.0,,
486.0,Marcus Mariota,WAS,QB74,,393.0,,
487.0,Kadarius Toney,,WR154,394.0,574.0,,
488.0,Cade Stover,HOU,TE67,395.0,517.5,,
489.0,Randy Bullock,,K44,396.0,396.0,,
490.0,Michael Burton,DEN,RB118,429.0,447.5,,
491.0,Mo Alie-Cox,IND,TE68,,397.0,,
492.0,Jonathan Mingo,DAL,WR155,397.0,504.5,,
493.0,Justin Watson,HOU,WR156,,398.0,,
494.0,Charlie Jones,CIN,WR157,398.0,505.5,,
495.0,DJ Chark Jr.,ATL,WR158,399.0,566.5,,
496.0,Javon Baker,NE,WR159,400.0,599.0,,
497.0,Raheem Blackshear,CAR,RB119,401.0,453.0,,
498.0,Sean Clifford,GB,QB75,403.0,403.0,,
499.0,Ryan Flournoy,DAL,WR160,404.0,521.0,,
500.0,Devin Duvernay,CHI,WR161,405.0,485.5,,
501.0,Parker Washington,JAC,WR162,,406.0,,
502.0,Dorian Thompson-Robinson,PHI,QB76,406.0,510.0,,
503.0,Donovan Peoples-Jones,NO,WR163,408.0,488.5,,
504.0,Jermaine Jackson,,WR164,409.0,409.0,,
505.0,Miles Boykin,CHI,WR165,431.0,454.0,,
506.0,Hunter Luepke,DAL,RB120,,410.0,,
507.0,Jamari Thrash,CLE,WR166,410.0,601.5,,
508.0,Jacob Cowing,SF,WR167,,414.0,,
509.0,LaJohntay Wester,BAL,WR168,414.0,542.0,,
510.0,Frank Gore Jr.,BUF,RB121,,415.0,,
511.0,Josh Whyle,TEN,TE69,415.0,461.0,,
512.0,Lenny Krieg,ATL,K45,,416.0,,
513.0,Sam Ehlinger,DEN,QB77,417.0,583.5,,
514.0,Nick Mullens,JAC,QB78,418.0,480.0,,
515.0,Efton Chism III,NE,WR169,419.0,559.5,,
516.0,Ben Sauls,PIT,K46,,420.0,,
517.0,Chimere Dike,TEN,WR170,420.0,628.5,,
518.0,Carson Strong,,QB79,421.0,421.0,,
519.0,Mitch Van Vooren,,WR171,,422.0,,
520.0,Tom Kennedy,DET,WR172,422.0,493.5,,
521.0,Charlie Woerner,ATL,TE70,440.0,461.5,,
522.0,Sam Howell,MIN,QB80,424.0,514.0,,
523.0,Parris Campbell,DAL,WR173,449.0,462.0,,
524.0,Gunnar Helm,TEN,TE71,426.0,557.0,,
525.0,Louis Rees-Zammit,,RB122,427.0,534.0,,
526.0,Matt Prater,,K47,428.0,482.5,,
527.0,Dante Pettis,NO,WR174,,429.0,,
528.0,Ian Thomas,LV,TE72,,430.0,,
529.0,Cam Akers,NO,RB123,,432.0,0.0,
530.0,Bailey Zappe,KC,QB81,432.0,599.0,,
531.0,Van Jefferson,TEN,WR175,,433.0,,
532.0,Chris Rodriguez Jr.,WAS,RB124,489.0,466.0,0.0,
533.0,Jonathan Ward,,RB125,,434.0,,
534.0,Matt Corral,,QB82,434.0,434.0,,
535.0,John Ross,,WR176,435.0,435.0,,
536.0,Riley Patterson,,K48,,435.0,,
537.0,Arian Smith,NYJ,WR177,436.0,573.0,,
538.0,Melvin Gordon,III,RB126,437.0,437.0,,
539.0,Tyrion Davis-Price,,RB127,,437.0,,
540.0,Payne Durham,TB,TE73,438.0,474.5,,
541.0,Danny Gray,,WR178,439.0,439.0,,
542.0,Anders Carlson,,K49,,439.0,,
543.0,Davis Allen,LAR,TE74,,440.0,,
544.0,Derius Davis,LAC,WR179,,441.0,,
545.0,Ja'Lynn Polk,NE,WR180,441.0,481.0,,
546.0,Phillip Dorsett II,LV,WR181,443.0,443.0,,
547.0,Chris Brooks,GB,RB128,,444.0,0.0,
548.0,Malik Knowles,,WR182,,445.0,,
549.0,Ko Kieft,TB,TE75,446.0,446.0,,
550.0,Malik Washington,MIA,WR183,,447.0,,
551.0,Charlie Smyth,NO,K50,,448.0,,
552.0,Ameer Abdullah,SF,RB129,448.0,586.0,0.0,
553.0,Kendall Milton,CIN,RB130,,450.0,,
554.0,Braxton Berrios,HOU,WR184,450.0,591.5,,
555.0,Jabari Small,DET,RB131,,451.0,,
556.0,Terrell Jennings,NE,RB132,,452.0,,
557.0,Irv Smith Jr.,HOU,TE76,452.0,505.5,,
558.0,Leonard Fournette,,RB133,454.0,454.0,,
559.0,Dillon Gabriel,CLE,QB83,,454.0,,
560.0,Jalen White,GB,RB134,,455.0,,
561.0,Harrison Bryant,PHI,TE77,455.0,511.5,,
562.0,Ricky White III,SEA,WR185,456.0,661.5,,
563.0,Matt Ammendola,,K51,457.0,457.0,,
564.0,Riley Leonard,IND,QB84,458.0,493.5,,
565.0,Jha'Quan Jackson,TEN,WR186,459.0,627.0,,
566.0,James Proche II,TEN,WR187,460.0,599.5,,
567.0,Tyrod Taylor,NYJ,QB85,,461.0,,
568.0,Ihmir Smith-Marsette,NYG,WR188,461.0,523.5,,
569.0,Cole Fotheringham,NE,TE78,462.0,462.0,,
570.0,Cordarrelle Patterson,,RB135,,463.0,0.0,
571.0,Robbie Ouzts,SEA,TE79,463.0,664.5,0.0,
572.0,Ty Montgomery,II,RB136,464.0,464.0,,
573.0,Kyle McCord,PHI,QB86,465.0,588.5,,
574.0,Brayden Narveson,,K52,466.0,466.0,,
575.0,Laquon Treadwell,IND,WR189,,467.0,,
576.0,SaRodorick Thompson Jr.,,RB137,467.0,467.0,,
577.0,Jacoby Brissett,ARI,QB87,,468.0,,
578.0,Blake Watson,DEN,RB138,468.0,562.5,,
579.0,Ryan Griffin,,QB88,469.0,469.0,,
580.0,Eric Saubert,SEA,TE80,,469.0,,
581.0,John Metchie III,HOU,WR190,473.0,484.5,,
582.0,Dare Ogunbowale,HOU,RB139,,471.0,,
583.0,Quintez Cephus,,WR191,471.0,521.0,,
584.0,Nathan Peterman,,QB89,472.0,472.0,,
585.0,Michael Gallup,WAS,WR192,,472.0,,
586.0,KhaDarel Hodge,ATL,WR193,,474.0,,
587.0,Tanner Brown,,K53,474.0,474.0,,
588.0,Nick Nash,ATL,WR194,475.0,649.5,,
589.0,Trayveon Williams,,RB140,,476.0,,
590.0,Xavier Hutchinson,HOU,WR195,477.0,492.5,,
591.0,Kyle Allen,DET,QB90,478.0,515.5,,
592.0,Trenton Irwin,JAC,WR196,,479.0,,
593.0,Jonathon Brooks,CAR,RB141,479.0,635.5,,
594.0,Malik Taylor,DET,WR197,,480.0,,
595.0,Giovanni Ricci,MIN,TE81,,481.0,,
596.0,Malachi Corley,NYJ,WR198,481.0,640.0,,
597.0,Patrick Taylor Jr.,SF,RB142,,482.0,0.0,
598.0,Jacob Kibodi,,RB143,482.0,482.0,,
599.0,Trey Palmer,TB,WR199,483.0,496.5,,
600.0,DeeJay Dallas,ARI,RB144,,484.0,,
601.0,Tyler Huntley,,QB91,485.0,485.0,,
602.0,Colby Parkinson,LAR,TE82,,485.0,,
603.0,Kenny Yeboah,DET,TE83,,486.0,,
604.0,Gary Brightwell,CIN,RB145,486.0,536.5,,
605.0,Khalil Herbert,IND,RB146,,487.0,0.0,+ 88
606.0,Mike White,BUF,QB92,487.0,609.5,,
607.0,Brevin Jordan,HOU,TE84,,488.0,,
608.0,Kylen Granson,PHI,TE85,488.0,619.5,,
609.0,Trey Sermon,PIT,RB147,,490.0,,
610.0,Ben Sims,GB,TE86,490.0,637.5,,
611.0,Jaret Patterson,LAC,RB148,,491.0,,
612.0,Laviska Shenault Jr.,BUF,WR200,491.0,616.5,,
613.0,Desmond Ridder,CIN,QB93,,492.0,,
614.0,Donovan Edwards,NYJ,RB149,492.0,600.5,,
615.0,Tyler Badie,DEN,RB150,,493.0,,
616.0,Steven Sims Jr.,SEA,WR201,493.0,528.5,,
617.0,Jeremy Ruckert,NYJ,TE87,494.0,548.0,,
618.0,Tyler Goodson,IND,RB151,,495.0,0.0,
619.0,Israel Abanikanda,GB,RB152,495.0,558.0,,
620.0,DeAndre Carter,CLE,WR202,496.0,610.5,,
621.0,Skyy Moore,KC,WR203,,497.0,0.0,
622.0,Jamaal Williams,,RB153,497.0,518.5,,
623.0,Isaiah Hodgins,SF,WR204,498.0,532.5,,
624.0,Skylar Thompson,PIT,QB94,,499.0,,
625.0,Kenny Pickett,CLE,QB95,,500.0,,
626.0,Bo Melton,GB,WR205,,501.0,,
627.0,Brandon Johnson,PIT,WR206,,502.0,,
628.0,Jashaun Corbin,ATL,RB154,,504.0,,
629.0,Justin Shorter,LV,WR207,,506.0,,
630.0,Ronnie Bell,DET,WR208,,509.0,,
631.0,Andre Szmyt,CLE,K54,,512.0,,
632.0,Nikko Remigio,KC,WR209,,515.0,,
633.0,Jordan Mims,TEN,RB155,,516.0,,
634.0,Nate Adkins,DEN,TE88,,517.0,,
635.0,Thayer Thomas,MIN,WR210,,518.0,,
636.0,Ryan Miller,TB,WR211,,519.0,,
637.0,Bub Means,NO,WR212,,522.0,,
638.0,Dante Miller,NYG,RB156,,523.0,,
639.0,George Holani,SEA,RB157,,524.0,,
640.0,Jahmal Banks,BAL,WR213,,526.0,,
641.0,Rivaldo Fairweather,DAL,TE89,,528.0,,
642.0,Ryan Coe,TB,K55,,534.0,,
643.0,Josh Johnson,WAS,QB96,,536.0,,
644.0,Taylor Heinicke,LAC,QB97,,538.0,,
645.0,Jamal Agnew,ATL,WR214,,541.0,,
646.0,Pharaoh Brown,MIA,TE90,,543.0,,
647.0,Hayden Hurst,,TE91,,544.0,,
648.0,John Kelly Jr.,,RB158,,545.0,,
649.0,Anthony Miller,BAL,WR215,,546.0,0.0,
650.0,Durham Smythe,CHI,TE92,,548.0,,
651.0,Cedrick Wilson Jr.,NO,WR216,,550.0,,
652.0,Deon Cain,BUF,WR217,,551.0,,
653.0,Ross Dwelley,SF,TE93,,552.0,,
654.0,Keith Kirkwood,BAL,WR218,,554.0,,
655.0,Foster Moreau,NO,TE94,,555.0,0.0,
656.0,Kelvin Harmon,,WR219,,556.0,,
657.0,Jake Browning,CIN,QB98,,557.0,,
658.0,Gardner Minshew II,KC,QB99,,560.0,,
659.0,Jakob Johnson,HOU,RB159,,563.0,,
660.0,Sean McKeon,IND,TE95,,570.0,,
661.0,Dylan Laube,LV,RB160,499.0,571.0,,
662.0,Cody White,SEA,WR220,,572.0,,
663.0,Trishton Jackson,ARI,WR221,,573.0,,
664.0,K.J. Osborn,WAS,WR222,,574.0,0.0,
665.0,Reggie Gilliam,BUF,RB161,,576.0,,
666.0,Mason Kinsey,TEN,WR223,,577.0,,
667.0,Tim Jones,MIN,WR224,,578.0,,
668.0,Demetric Felton Jr.,WAS,RB162,,581.0,,
669.0,Davis Mills,HOU,QB100,,583.0,,
670.0,Luke Farrell,SF,TE96,,584.0,,
671.0,Zach Davidson,BUF,TE97,,585.0,,
672.0,Michael Carter,ARI,RB163,,588.0,0.0,
673.0,Kyle Trask,TB,QB101,,589.0,,
674.0,John Bates,WAS,TE98,,590.0,,
675.0,Jack Stoll,NO,TE99,,591.0,,
676.0,Michael Jacobson,NO,TE100,,592.0,,
677.0,John FitzPatrick,GB,TE101,,593.0,,
678.0,Michael Woods II,CLE,WR225,,594.0,,
679.0,Greg Dulcich,NYG,TE102,,595.0,,
680.0,Treylon Burks,TEN,WR226,,596.0,,
681.0,Drew Ogletree,IND,TE103,,597.0,,
682.0,Nick Muse,PHI,TE104,,598.0,,
683.0,Tyquan Thornton,KC,WR227,,599.0,,
684.0,Irvin Charles,NYJ,WR228,,600.0,,
685.0,Zonovan Knight,NYJ,RB164,,601.0,,
686.0,Britain Covey,LAR,WR229,,603.0,,
687.0,Justyn Ross,,WR230,,605.0,,
688.0,Kendric Pryor,CIN,WR231,,606.0,,
689.0,Kaden Davis,CLE,WR232,,607.0,,
690.0,Seth Green,NO,TE105,,608.0,,
691.0,Kevin Austin Jr.,NO,WR233,,609.0,,
692.0,Stone Smartt,NYJ,TE106,,610.0,,
693.0,Tucker Fisk,LAC,TE107,,611.0,,
694.0,Jalen Brooks,DAL,WR234,,615.0,,
695.0,Lew Nichols III,PIT,RB165,,616.0,,
696.0,Evan Hull,PIT,RB166,,618.0,,
697.0,Zach Evans,,RB167,,620.0,,
698.0,Brayden Willis,SF,TE108,,622.0,,
699.0,Cameron Latu,PHI,TE109,,623.0,,
700.0,Malik Heath,GB,WR235,,624.0,,
701.0,Ben VanSumeren,PHI,LB1,,625.0,,
702.0,Carlos Washington Jr.,ATL,RB168,,626.0,,
703.0,Shedrick Jackson,LV,WR236,,627.0,,
704.0,Princeton Fant,DAL,TE110,,628.0,,
705.0,Emari Demercado,ARI,RB169,,629.0,0.0,
706.0,Johnny Lumpkin,GB,TE111,,630.0,,
707.0,Tyrell Shavers,BUF,WR237,,631.0,,
708.0,Rakim Jarrett,TB,WR238,,632.0,,
709.0,Kazmeir Allen,WAS,WR239,,633.0,,
710.0,Lucky Jackson,MIN,WR240,,634.0,,
711.0,Devin Leary,BAL,QB102,,635.0,,
712.0,Erick All Jr.,CIN,TE112,,637.0,,
713.0,Jawhar Jordan,HOU,RB170,,639.0,,
714.0,Jared Wiley,KC,TE113,,642.0,,
715.0,Tahj Washington,MIA,WR241,,644.0,,
716.0,Jaheim Bell,NE,TE114,,645.0,,
717.0,Isaiah Davis,NYJ,RB171,,646.0,0.0,+ 26
718.0,Tip Reiman,ARI,TE115,,648.0,,
719.0,Brenden Rice,LAC,WR242,,649.0,,
720.0,Devin Culp,TB,TE116,,650.0,,
721.0,Messiah Swinson,GB,TE117,,651.0,,
722.0,McCallan Castles,LAC,TE118,,652.0,,
723.0,Emani Bailey,CAR,RB172,,653.0,,
724.0,Brenden Bates,CLE,TE119,,654.0,,
725.0,Austin Reed,CHI,QB103,,655.0,,
726.0,Cam Grandy,CIN,TE120,,656.0,,
727.0,David Martin-Robinson,TEN,TE121,,658.0,,
728.0,Bryce Oliver,TEN,WR243,,659.0,,
729.0,John Rhys Plumlee,SEA,QB104,,660.0,,
730.0,Terique Owens,SF,WR244,,661.0,,
731.0,Cody Schrader,LAR,RB173,,662.0,,
732.0,Sam Hartman,WAS,QB105,,663.0,,
733.0,Drake Stoops,LAR,WR245,,664.0,,
734.0,Hayden Rucci,MIA,TE122,,665.0,,
735.0,Alex Hale,,K56,,666.0,,
736.0,Joshua Simon,ATL,TE123,,667.0,,
737.0,Marcus Major Jr.,BAL,RB174,,668.0,,
738.0,Lucas Scott,BAL,RB175,,669.0,,
739.0,Kayron Lynch-Adams,CAR,RB176,,672.0,,
740.0,Jonathan Kim,CHI,K57,,673.0,,
741.0,Jahdae Walker,CHI,WR246,,674.0,,
742.0,Quali Conley,CIN,RB177,,675.0,,
743.0,Payton Thorne,CIN,QB106,,676.0,,
744.0,Luke Floriea,CLE,WR247,,677.0,,
745.0,Traeshon Holden,DAL,WR248,,678.0,,
746.0,Courtney Jackson,DEN,WR249,,679.0,,
747.0,Raheim Sanders,LAC,RB178,500.0,681.0,,
748.0,Dominic Lovett,DET,WR250,,681.0,,
749.0,Kye Robichaux,DET,RB179,,682.0,0.0,
750.0,Amar Johnson,GB,RB180,,684.0,0.0,
751.0,Drake Dabney,TEN,TE124,,687.0,,
752.0,Graham Mertz,HOU,QB107,,689.0,,
753.0,Maddux Trujillo,IND,K58,,690.0,,
754.0,Ja'Quinden Jackson,JAC,RB181,,691.0,,
755.0,Jake Briningstool,KC,TE125,,692.0,,
756.0,Jimmy Holiday,KC,WR251,,693.0,,
757.0,Tru Edwards,LAR,WR252,,694.0,,
758.0,Konata Mumpfield,LAR,WR253,,695.0,,
759.0,Tommy Mellott,LV,QB108,,696.0,,
760.0,Silas Bolden,MIN,WR254,,697.0,,
761.0,Tre Stewart,MIN,RB182,,698.0,,
762.0,Ben Yurosek,MIN,TE126,,699.0,,
763.0,Gee Scott Jr.,NE,TE127,,701.0,,
764.0,Ben Wooldridge,NE,QB109,,702.0,,
765.0,Moochie Dixon,NO,WR255,,703.0,,
766.0,Chris Tyree,NO,RB183,,704.0,,
767.0,Beaux Collins,NYG,WR256,,705.0,,
768.0,Thomas Fidone II,NYG,TE128,,706.0,,
769.0,Brady Cook,NYJ,QB110,,707.0,,
770.0,Darius Cooper,PHI,WR257,,711.0,,
771.0,JJ Galbreath,PIT,TE129,,713.0,,
772.0,Max Hurleman,PIT,CB1,,714.0,,
773.0,Isaiah Neyor,SF,WR258,,716.0,,
774.0,Jordan Watkins,SF,WR259,,717.0,,
775.0,Tyrone Broden,SEA,WR260,,718.0,,
776.0,Nick Kallerup,SEA,TE130,,719.0,,
777.0,Nate McCollum,ARI,WR261,,720.0,,
778.0,Sam Brown Jr.,GB,WR262,,721.0,,
779.0,Caden Prieskorn,DEN,TE131,,722.0,,
780.0,Greg Zuerlein,,K59,,723.0,,
781.0,Chris Moore,WAS,WR263,,726.0,,
782.0,Zay Jones,ARI,WR264,,727.0,,
783.0,Gerald Everett,,TE132,,728.0,,
784.0,Josh Reynolds,NYJ,WR265,,729.0,0.0,
785.0,Johnny Mundt,JAC,TE133,,730.0,,
786.0,Zach Pascal,NYG,WR266,,731.0,,
787.0,Tim Boyle,TEN,QB111,,735.0,,
788.0,John Wolford,JAC,QB112,,736.0,,
789.0,Will Grier,DAL,QB113,,737.0,,
790.0,Ashton Dulin,IND,WR267,,738.0,,
791.0,KJ Hamler,BUF,WR268,,740.0,,
792.0,Albert Okwuegbunam Jr.,LV,TE134,,741.0,,
793.0,Salvon Ahmed,IND,RB184,,743.0,,
794.0,Kristian Wilkerson,BUF,WR269,,744.0,,
795.0,Lawrence Cager,WAS,WR270,,745.0,,
796.0,Dominique Dafney,CAR,TE135,,746.0,,
797.0,Chris Blair,ATL,WR271,,747.0,,
798.0,Tarik Black,MIA,WR272,,748.0,,
799.0,Dez Fitzpatrick,LAC,WR273,,749.0,,
800.0,Hunter Long,JAC,TE136,,752.0,,
801.0,Kene Nwangwu,NYJ,RB185,,753.0,,
802.0,Dee Eskridge,MIA,WR274,,757.0,,
803.0,Quintin Morris,JAC,TE137,,758.0,,
804.0,Feleipe Franks,ATL,QB114,,759.0,,
805.0,Austin Trammell,JAC,WR275,,760.0,,
806.0,Shane Zylstra,DET,TE138,,761.0,,
807.0,Montrell Washington,NYG,WR276,,762.0,,
808.0,Samori Toure,CHI,WR277,,763.0,,
809.0,Teagan Quitoriano,ATL,TE139,,764.0,,
810.0,Jelani Woods,IND,TE140,,765.0,,
811.0,Chris Oladokun,KC,QB115,,767.0,,
812.0,Dareke Young,SEA,WR278,,768.0,,
813.0,Zaire Mitchell-Paden,BAL,TE141,,769.0,,
814.0,Jalen Virgil,BUF,WR279,,770.0,,
815.0,Tanner Conner,MIA,TE142,,771.0,,
816.0,Lucas Krull,DEN,TE143,,772.0,,
817.0,Ronnie Rivers,LAR,RB186,,773.0,,
818.0,Xavier Smith,LAR,WR280,,774.0,,
819.0,Jake Haener,NO,QB116,,775.0,,
820.0,Clayton Tune,ARI,QB117,,776.0,,
821.0,Zavier Scott,MIN,WR281,,778.0,,
822.0,Brady Russell,SEA,TE144,,779.0,,
823.0,Jalen Cropper,DAL,WR282,,780.0,,
824.0,John Stephens Jr.,DAL,WR283,,781.0,,
825.0,Jesse Matthews,ATL,WR284,,782.0,,
826.0,Jared Wayne,HOU,WR285,,783.0,,
827.0,Elijah Cooks,PHI,WR286,,784.0,,
828.0,Dylan Drummond,ATL,WR287,,786.0,,
829.0,Ontaria Wilson,NYJ,WR288,,787.0,,
830.0,Tanner Taula,TB,TE145,,788.0,,
831.0,Jordan Murray,CHI,TE146,,789.0,,
832.0,Jase McClellan,,RB187,,790.0,,
833.0,Casey Washington,ATL,WR289,,791.0,,
834.0,Michael Pratt,TB,QB118,,794.0,,
835.0,Anthony Gould,IND,WR290,,796.0,,
836.0,Keilan Robinson,PHI,RB188,,797.0,,
837.0,Cornelius Johnson,GB,WR291,,800.0,,
838.0,Chris Collier,LV,RB189,,801.0,,
839.0,Dayton Wade,BAL,WR292,,802.0,,
840.0,Julian Hicks,GB,WR293,,803.0,,
841.0,Xavier Johnson,HOU,WR294,,804.0,,
842.0,Jack Plummer,CAR,QB119,,805.0,,
843.0,Ian Wheeler,CHI,RB190,,806.0,,
844.0,Brevyn Spann-Ford,DAL,TE147,,807.0,,
845.0,Isaiah Williams,CIN,WR295,,808.0,,
846.0,Joshua Cephus,JAC,WR296,,809.0,,
847.0,Jeshaun Jones,MIN,WR297,,811.0,,
848.0,Dallin Holker,,TE148,,812.0,,
849.0,Mason Tipton,NO,WR298,,813.0,,
850.0,Xavier Weaver,ARI,WR299,,814.0,,
851.0,Tanner Mordecai,SF,QB120,,815.0,,
852.0,Mason Pline,SF,TE149,,816.0,,
853.0,Kameron Johnson,TB,WR300,,817.0,,
854.0,D.J. Williams,TB,RB191,,818.0,,
855.0,British Brooks,HOU,RB192,,819.0,,
856.0,Neal Johnson,NYJ,TE150,,820.0,,
857.0,Jaelen Gill,,WR301,,821.0,,
858.0,Geor'Quarius Spivey,KC,TE151,,822.0,,
859.0,Kelly Akharaiyi,BUF,WR302,,825.0,,
860.0,Jackson Hawes,BUF,TE152,,826.0,,
861.0,Keleki Latu,BUF,TE153,,827.0,,
862.0,Gage Larvadain,CLE,WR303,,828.0,,
863.0,Josh Kelly,DAL,WR304,,829.0,,
864.0,Phil Mafah,DAL,RB193,,830.0,,
865.0,Tyler Neville,DAL,TE154,,831.0,,
866.0,Caleb Lohner,DEN,TE155,,832.0,,
867.0,Zach Horton,DET,TE156,,833.0,,
868.0,Jakobie Keeney-James,DET,WR305,,834.0,,
869.0,Jackson Meeks,DET,WR306,,835.0,,
870.0,Taylor Elgersma,GB,QB121,,836.0,,
871.0,Kalel Mullings,TEN,RB194,,838.0,0.0,
872.0,TJ Sheffield,TEN,WR307,,839.0,,
873.0,Ajou Ajou,IND,WR308,,840.0,,
874.0,Coleman Owen,IND,WR309,,841.0,,
875.0,Cam Camper,JAC,WR310,,843.0,,
876.0,Patrick Herbert,JAC,TE157,,844.0,,
877.0,Elijhah Badger,KC,WR311,,845.0,,
878.0,Elijah Young,KC,RB195,,846.0,,
879.0,Brennan Presley,LAR,WR312,,847.0,,
880.0,Anthony Torres,LAR,TE158,,848.0,,
881.0,Ketron Jackson Jr.,LV,WR313,,849.0,,
882.0,Cam Miller,LV,QB122,,850.0,,
883.0,Andrew Armstrong,MIA,WR314,,851.0,,
884.0,Jalin Conyers,MIA,TE159,,852.0,,
885.0,AJ Henning,MIA,WR315,,853.0,,
886.0,Max Brosmer,MIN,QB123,,854.0,,
887.0,Myles Price,MIN,WR316,,855.0,,
888.0,Lan Larison,NE,RB196,,856.0,,
889.0,Marcus Yarns,NO,RB197,,858.0,,
890.0,Montrell Johnson Jr.,PHI,RB198,,859.0,0.0,
891.0,ShunDerrick Powell,PHI,RB199,,860.0,,
892.0,Roc Taylor,PIT,WR317,,861.0,,
893.0,DJ Uiagalelei,LAC,QB124,,863.0,,
894.0,Junior Bergen,SF,WR318,,864.0,,
895.0,Corey Kiner,SF,RB200,,865.0,,
896.0,Jacardia Wright,SEA,RB201,,868.0,,
897.0,Jacoby Jones,WAS,LB2,,869.0,,
898.0,Mark McNamee,GB,K60,,870.0,,
899.0,Winston Wright,,WR319,,871.0,,
900.0,Toa Taua,CLE,RB202,,872.0,,
,,,,,,,
,,,,,,,
